user_id,product_id,interaction_type,interaction_score
16b94b68-3876-4b2e-a983-57c491b9e3de,75e094a1-bd7c-4dd9-a8c9-e4e28ac625bb,purchase,5
16b94b68-3876-4b2e-a983-57c491b9e3de,d70d9dbd-eb54-4888-875f-4da384a5a0a5,purchase,5
16b94b68-3876-4b2e-a983-57c491b9e3de,ae4b4eee-886c-47fd-8bb2-6126dcb5f0ae,purchase,5
16b94b68-3876-4b2e-a983-57c491b9e3de,6116fdf3-473f-4324-af54-1b950076ef52,purchase,5
49b80737-8f0a-463b-9a8b-c0f820ed5973,e9fcdf70-27d5-4da8-b082-3e3cfb515ba7,purchase,5
49b80737-8f0a-463b-9a8b-c0f820ed5973,c35ac233-cca3-4666-86b8-afaa54d074ba,purchase,5
49b80737-8f0a-463b-9a8b-c0f820ed5973,a89617f7-ceb2-45d4-9647-57720450407d,purchase,5
2c1ce03f-9c6c-4bad-b5af-9b6970b41503,7148f50f-8161-499d-8447-25a280ca2bbd,purchase,5
16b94b68-3876-4b2e-a983-57c491b9e3de,16dc77da-cb33-4093-832c-b7784f3910fe,purchase,5
16b94b68-3876-4b2e-a983-57c491b9e3de,a5612187-6268-4a5a-8d31-5b03e1c73e49,purchase,5
16b94b68-3876-4b2e-a983-57c491b9e3de,217b798b-e613-45cb-9f8f-046b0bf61dff,purchase,5
16b94b68-3876-4b2e-a983-57c491b9e3de,7ece191f-5a12-468b-aa29-dca3b690fd9c,purchase,5
16b94b68-3876-4b2e-a983-57c491b9e3de,7c5306b9-9417-4fbc-845f-836af5531ec4,purchase,5
16b94b68-3876-4b2e-a983-57c491b9e3de,10ba22c6-04ff-459a-b8a4-b0d2e0438956,purchase,5
16b94b68-3876-4b2e-a983-57c491b9e3de,75e094a1-bd7c-4dd9-a8c9-e4e28ac625bb,purchase,5
16b94b68-3876-4b2e-a983-57c491b9e3de,b22da9ef-9a0f-4936-9440-aa4fb45dfb48,purchase,5
16b94b68-3876-4b2e-a983-57c491b9e3de,c69cd8ff-0939-4b5e-8861-867ac4ed7298,purchase,5
3d520dee-6f76-4948-ac58-855ca44494e4,b7237f07-c2bf-48d7-a630-3faaac02cfcc,purchase,5
4ce64499-e5fb-483e-b5d4-1ee83dacd87b,b7237f07-c2bf-48d7-a630-3faaac02cfcc,purchase,5
4ce64499-e5fb-483e-b5d4-1ee83dacd87b,f126a3d5-9bf6-4cc2-80d6-f967979332c1,purchase,5
34a3554b-d552-4a82-bc40-afecebdf904e,bddfcaa8-5604-4119-a751-8215fa563107,purchase,5
34a3554b-d552-4a82-bc40-afecebdf904e,843b8fe6-27c5-4ddf-a6d2-9d4e2ab8a6c8,purchase,5
49b80737-8f0a-463b-9a8b-c0f820ed5973,cbf585bb-6a0e-4eb7-9c3b-e0b373028fcc,purchase,5
49b80737-8f0a-463b-9a8b-c0f820ed5973,10ba22c6-04ff-459a-b8a4-b0d2e0438956,purchase,5
49b80737-8f0a-463b-9a8b-c0f820ed5973,05ff5762-10eb-48c8-b769-e2395389ab45,purchase,5
8bb833ea-4f3f-4dbf-a205-ecacb54d1f69,ffcb432e-fc34-4881-adad-42e90f2d9fec,purchase,5
8bb833ea-4f3f-4dbf-a205-ecacb54d1f69,373419b8-b75b-4421-b6e5-6baf13a60918,purchase,5
49cda69a-26d0-4d3e-a7cf-49ed918db804,cbf585bb-6a0e-4eb7-9c3b-e0b373028fcc,purchase,5
49cda69a-26d0-4d3e-a7cf-49ed918db804,bfa825ec-c0dc-4cb7-8e71-e56351a93406,purchase,5
49b80737-8f0a-463b-9a8b-c0f820ed5973,ff2a70c5-3606-4e4a-af5a-cac6a860cab6,purchase,5
49b80737-8f0a-463b-9a8b-c0f820ed5973,6116fdf3-473f-4324-af54-1b950076ef52,purchase,5
49b80737-8f0a-463b-9a8b-c0f820ed5973,217b798b-e613-45cb-9f8f-046b0bf61dff,purchase,5
482d17f2-55f2-44dd-a97d-7924b2dd9859,ac9cf104-d861-4f46-83ff-b218f1ee1f89,purchase,5
482d17f2-55f2-44dd-a97d-7924b2dd9859,6a8c4009-0e0f-4323-bc3e-7b60ccca13cb,purchase,5
49b80737-8f0a-463b-9a8b-c0f820ed5973,2ae5516a-ee07-489a-8d16-42113260fca2,purchase,5
49b80737-8f0a-463b-9a8b-c0f820ed5973,aaa373ef-1cfe-4e6a-9c87-eeba7eaec713,purchase,5
49b80737-8f0a-463b-9a8b-c0f820ed5973,aaa373ef-1cfe-4e6a-9c87-eeba7eaec713,purchase,5
8bb833ea-4f3f-4dbf-a205-ecacb54d1f69,7e24a671-98a3-45b7-86a7-d8fdfb7005f5,purchase,5
8bb833ea-4f3f-4dbf-a205-ecacb54d1f69,8c928aca-de9e-4d19-8915-fe4fb1c63ca7,purchase,5
8bb833ea-4f3f-4dbf-a205-ecacb54d1f69,05ff5762-10eb-48c8-b769-e2395389ab45,purchase,5
8bb833ea-4f3f-4dbf-a205-ecacb54d1f69,aaa373ef-1cfe-4e6a-9c87-eeba7eaec713,purchase,5
85429147-f4d9-423b-9575-b515a4628bb1,aaa373ef-1cfe-4e6a-9c87-eeba7eaec713,purchase,5
85429147-f4d9-423b-9575-b515a4628bb1,0aefea5a-03b3-44e5-9a69-03b727d22dfa,purchase,5
85429147-f4d9-423b-9575-b515a4628bb1,96704e75-69ab-46f5-b2f5-d934baa205ee,purchase,5
85429147-f4d9-423b-9575-b515a4628bb1,e20090d4-1b6f-43c5-84ea-379252d5c990,purchase,5
85429147-f4d9-423b-9575-b515a4628bb1,e639b464-6d0a-4a96-a45b-d5ce23ccd3d8,purchase,5
e28ce424-6cc8-4371-ba90-28dba9a65f34,9713b024-ec7a-4d46-a57a-29842c4df02e,purchase,5
e28ce424-6cc8-4371-ba90-28dba9a65f34,9c679bd2-a436-4dc5-8419-e7869190adf7,purchase,5
e28ce424-6cc8-4371-ba90-28dba9a65f34,843b8fe6-27c5-4ddf-a6d2-9d4e2ab8a6c8,purchase,5
e28ce424-6cc8-4371-ba90-28dba9a65f34,843b8fe6-27c5-4ddf-a6d2-9d4e2ab8a6c8,purchase,5
4ce64499-e5fb-483e-b5d4-1ee83dacd87b,ebb9d192-e38a-4051-a092-e774cdc399f1,purchase,5
4ce64499-e5fb-483e-b5d4-1ee83dacd87b,b11d5edc-9b25-4eab-8f56-aae3476a7082,purchase,5
4ce64499-e5fb-483e-b5d4-1ee83dacd87b,6edc5aae-65c3-49be-926a-9140610964bc,purchase,5
4ce64499-e5fb-483e-b5d4-1ee83dacd87b,15ebe290-26c5-459b-80a6-5460995d67db,purchase,5
31b9001c-75ef-4c85-92df-e8dfed4f6309,878be5be-7ef7-4912-b0a5-fd18f6cd4201,purchase,5
31b9001c-75ef-4c85-92df-e8dfed4f6309,f0e54b90-057e-4c7c-8e66-1b7fbfc0276d,purchase,5
31b9001c-75ef-4c85-92df-e8dfed4f6309,9fed2633-01b1-406e-9031-829b0d1b3cfc,purchase,5
31b9001c-75ef-4c85-92df-e8dfed4f6309,b729d242-4987-4c56-882d-d42f2acd5907,purchase,5
31b9001c-75ef-4c85-92df-e8dfed4f6309,9b1acb85-0ccd-4afc-8a4c-19a59f810567,purchase,5
2c1ce03f-9c6c-4bad-b5af-9b6970b41503,95827b65-ec7b-405b-bd26-6558d04211cf,purchase,5
2c1ce03f-9c6c-4bad-b5af-9b6970b41503,9347c0d3-e71d-420f-b001-7f406363f200,purchase,5
2c1ce03f-9c6c-4bad-b5af-9b6970b41503,b86b17df-2a9c-4b26-9238-5f5e966ddae4,purchase,5
2c1ce03f-9c6c-4bad-b5af-9b6970b41503,8f8b3419-d960-40d0-b8a2-e93a3aa6e029,purchase,5
4ce64499-e5fb-483e-b5d4-1ee83dacd87b,6a8c4009-0e0f-4323-bc3e-7b60ccca13cb,purchase,5
4ce64499-e5fb-483e-b5d4-1ee83dacd87b,e24af3cd-fc9f-400c-8c76-8aba05a803b5,purchase,5
8f58f0c0-ae6c-4db8-b7a5-01263659b22f,32a5dac6-d725-4677-9bcd-abe67387bf33,purchase,5
16b94b68-3876-4b2e-a983-57c491b9e3de,ffcb432e-fc34-4881-adad-42e90f2d9fec,purchase,5
e28ce424-6cc8-4371-ba90-28dba9a65f34,850c5d2c-fd68-4f8e-8c6c-d806e3b4ebb7,purchase,5
e28ce424-6cc8-4371-ba90-28dba9a65f34,bb049c61-90d8-409c-ab84-baa8444a4fe0,purchase,5
e28ce424-6cc8-4371-ba90-28dba9a65f34,a89617f7-ceb2-45d4-9647-57720450407d,purchase,5
e28ce424-6cc8-4371-ba90-28dba9a65f34,d70d9dbd-eb54-4888-875f-4da384a5a0a5,purchase,5
49cda69a-26d0-4d3e-a7cf-49ed918db804,024afd3f-cecd-434e-a8d4-95814bcac773,purchase,5
49cda69a-26d0-4d3e-a7cf-49ed918db804,0abe0b3f-db26-4ade-b67b-b33ac969d524,purchase,5
49cda69a-26d0-4d3e-a7cf-49ed918db804,0704609b-65b9-4ca9-857d-b9f5ed9ef750,purchase,5
49cda69a-26d0-4d3e-a7cf-49ed918db804,7148f50f-8161-499d-8447-25a280ca2bbd,purchase,5
49cda69a-26d0-4d3e-a7cf-49ed918db804,7ece191f-5a12-468b-aa29-dca3b690fd9c,purchase,5
49cda69a-26d0-4d3e-a7cf-49ed918db804,71d94b79-71b6-4e00-b0d2-d8f349ef2929,purchase,5
49cda69a-26d0-4d3e-a7cf-49ed918db804,32a5dac6-d725-4677-9bcd-abe67387bf33,purchase,5
096e2881-64b1-4d31-ab7a-d228ee1b356f,7322fc17-a36f-4391-8eb5-0a263c060d85,purchase,5
096e2881-64b1-4d31-ab7a-d228ee1b356f,9707b860-f329-419d-acb2-9113a142b7f2,purchase,5
096e2881-64b1-4d31-ab7a-d228ee1b356f,8c928aca-de9e-4d19-8915-fe4fb1c63ca7,purchase,5
096e2881-64b1-4d31-ab7a-d228ee1b356f,b86b17df-2a9c-4b26-9238-5f5e966ddae4,purchase,5
096e2881-64b1-4d31-ab7a-d228ee1b356f,4fdbc9d0-775d-47f7-a49b-14472af06506,purchase,5
096e2881-64b1-4d31-ab7a-d228ee1b356f,8f8b3419-d960-40d0-b8a2-e93a3aa6e029,purchase,5
096e2881-64b1-4d31-ab7a-d228ee1b356f,c119f0ef-da67-49fa-8018-1302a761003e,purchase,5
096e2881-64b1-4d31-ab7a-d228ee1b356f,5e382b17-bec6-4816-9b46-985e78971b6d,purchase,5
096e2881-64b1-4d31-ab7a-d228ee1b356f,38de8777-e24e-477f-81df-ee4b63637b8b,purchase,5
096e2881-64b1-4d31-ab7a-d228ee1b356f,4858f914-3a37-4bbf-8f26-2de12a62db42,purchase,5
096e2881-64b1-4d31-ab7a-d228ee1b356f,0bcba2bf-abd4-4f27-9703-a96c4def237a,purchase,5
e28ce424-6cc8-4371-ba90-28dba9a65f34,92527e2a-ed91-4d1e-bede-46028b75a1a3,purchase,5
e28ce424-6cc8-4371-ba90-28dba9a65f34,6116fdf3-473f-4324-af54-1b950076ef52,purchase,5
e28ce424-6cc8-4371-ba90-28dba9a65f34,ebb9d192-e38a-4051-a092-e774cdc399f1,purchase,5
e28ce424-6cc8-4371-ba90-28dba9a65f34,e7105aee-0637-4191-adce-c424c573408f,purchase,5
e28ce424-6cc8-4371-ba90-28dba9a65f34,7148f50f-8161-499d-8447-25a280ca2bbd,purchase,5
e28ce424-6cc8-4371-ba90-28dba9a65f34,ffcb432e-fc34-4881-adad-42e90f2d9fec,purchase,5
e28ce424-6cc8-4371-ba90-28dba9a65f34,b8e78200-4f48-45f6-9d4a-d16540c5add7,purchase,5
e28ce424-6cc8-4371-ba90-28dba9a65f34,20955018-a13b-4e52-afd0-ede45b7a417f,purchase,5
e28ce424-6cc8-4371-ba90-28dba9a65f34,201ba376-2945-4e67-a5da-bc72e08ce70d,purchase,5
e28ce424-6cc8-4371-ba90-28dba9a65f34,95827b65-ec7b-405b-bd26-6558d04211cf,purchase,5
e28ce424-6cc8-4371-ba90-28dba9a65f34,6116fdf3-473f-4324-af54-1b950076ef52,purchase,5
e28ce424-6cc8-4371-ba90-28dba9a65f34,595ecbc3-673a-4d2a-b389-1ab9820a0b33,purchase,5
096e2881-64b1-4d31-ab7a-d228ee1b356f,a5612187-6268-4a5a-8d31-5b03e1c73e49,purchase,5
096e2881-64b1-4d31-ab7a-d228ee1b356f,6e7747f9-a868-4d35-93b6-8cc275f70ee2,purchase,5
096e2881-64b1-4d31-ab7a-d228ee1b356f,8c928aca-de9e-4d19-8915-fe4fb1c63ca7,purchase,5
67c766e2-a051-4554-aa1d-da7e1f63d415,15ebe290-26c5-459b-80a6-5460995d67db,purchase,5
67c766e2-a051-4554-aa1d-da7e1f63d415,7286579f-c9fb-4fbb-be0c-0c6293e95ce9,purchase,5
67c766e2-a051-4554-aa1d-da7e1f63d415,7fcba7ba-7f74-4287-bfab-efab930514fa,purchase,5
67c766e2-a051-4554-aa1d-da7e1f63d415,b1955c4b-f011-4fd3-b92e-a38a92955a50,purchase,5
67c766e2-a051-4554-aa1d-da7e1f63d415,20955018-a13b-4e52-afd0-ede45b7a417f,purchase,5
ba95d332-7fc5-4272-9659-0e61f218d0b7,19006f8c-ae90-4e6a-b058-d47dadeb8bf3,purchase,5
ba95d332-7fc5-4272-9659-0e61f218d0b7,2d02e101-5ee9-41ec-b347-a971001b5977,purchase,5
ba95d332-7fc5-4272-9659-0e61f218d0b7,ad8f9da9-7062-472e-9893-52a4c999a664,purchase,5
ba95d332-7fc5-4272-9659-0e61f218d0b7,55937f90-5b80-48f0-aa99-29562a04e141,purchase,5
ba95d332-7fc5-4272-9659-0e61f218d0b7,5e382b17-bec6-4816-9b46-985e78971b6d,purchase,5
ba95d332-7fc5-4272-9659-0e61f218d0b7,4ebfc054-39da-4b3c-9f11-9d423fa4e482,purchase,5
ba95d332-7fc5-4272-9659-0e61f218d0b7,10ba22c6-04ff-459a-b8a4-b0d2e0438956,purchase,5
a522d4a5-5421-4b1c-a8fc-c9e0c1b93d10,b1955c4b-f011-4fd3-b92e-a38a92955a50,purchase,5
a522d4a5-5421-4b1c-a8fc-c9e0c1b93d10,4f375901-b00e-49e5-9c77-eb0a598dd6ba,purchase,5
a522d4a5-5421-4b1c-a8fc-c9e0c1b93d10,28fe39cb-f025-41ed-aeb1-458efb9e07c2,purchase,5
a522d4a5-5421-4b1c-a8fc-c9e0c1b93d10,18e7fd6b-a0fb-4017-8689-21a9ee7020cc,purchase,5
a522d4a5-5421-4b1c-a8fc-c9e0c1b93d10,96c522f6-4e25-4cf9-8b97-91383ad761de,purchase,5
a522d4a5-5421-4b1c-a8fc-c9e0c1b93d10,b7237f07-c2bf-48d7-a630-3faaac02cfcc,purchase,5
a522d4a5-5421-4b1c-a8fc-c9e0c1b93d10,05ff5762-10eb-48c8-b769-e2395389ab45,purchase,5
a522d4a5-5421-4b1c-a8fc-c9e0c1b93d10,887d787f-fd37-4af1-827c-aabed635e47f,purchase,5
a522d4a5-5421-4b1c-a8fc-c9e0c1b93d10,d70d9dbd-eb54-4888-875f-4da384a5a0a5,purchase,5
a522d4a5-5421-4b1c-a8fc-c9e0c1b93d10,8c928aca-de9e-4d19-8915-fe4fb1c63ca7,purchase,5
a522d4a5-5421-4b1c-a8fc-c9e0c1b93d10,b11d5edc-9b25-4eab-8f56-aae3476a7082,purchase,5
a522d4a5-5421-4b1c-a8fc-c9e0c1b93d10,b1955c4b-f011-4fd3-b92e-a38a92955a50,purchase,5
a522d4a5-5421-4b1c-a8fc-c9e0c1b93d10,de77e80f-9035-4149-b2c0-be762d2012bf,purchase,5
f52e9e4e-33d1-4f86-819b-d9e52ff8cc77,3347df82-ca57-4d17-98f4-958e8e53d12f,purchase,5
f52e9e4e-33d1-4f86-819b-d9e52ff8cc77,1e72998a-7b8b-4315-adf7-91fa9121ffa6,purchase,5
f52e9e4e-33d1-4f86-819b-d9e52ff8cc77,878be5be-7ef7-4912-b0a5-fd18f6cd4201,purchase,5
8f58f0c0-ae6c-4db8-b7a5-01263659b22f,0704609b-65b9-4ca9-857d-b9f5ed9ef750,purchase,5
8f58f0c0-ae6c-4db8-b7a5-01263659b22f,0d7ec92b-4140-4a1f-afcf-2b842938d50e,purchase,5
8f58f0c0-ae6c-4db8-b7a5-01263659b22f,10ba22c6-04ff-459a-b8a4-b0d2e0438956,purchase,5
34a3554b-d552-4a82-bc40-afecebdf904e,8c928aca-de9e-4d19-8915-fe4fb1c63ca7,purchase,5
34a3554b-d552-4a82-bc40-afecebdf904e,6116fdf3-473f-4324-af54-1b950076ef52,purchase,5
34a3554b-d552-4a82-bc40-afecebdf904e,05ff5762-10eb-48c8-b769-e2395389ab45,purchase,5
34a3554b-d552-4a82-bc40-afecebdf904e,b11d5edc-9b25-4eab-8f56-aae3476a7082,purchase,5
34a3554b-d552-4a82-bc40-afecebdf904e,9347c0d3-e71d-420f-b001-7f406363f200,purchase,5
34a3554b-d552-4a82-bc40-afecebdf904e,7c5306b9-9417-4fbc-845f-836af5531ec4,purchase,5
b229af87-f17e-4fac-8f6f-bc0ea775cd79,ec2fa345-6c98-4539-818b-019518468e46,purchase,5
b229af87-f17e-4fac-8f6f-bc0ea775cd79,f4e7cca5-7bcb-4133-8572-328da7c75fba,purchase,5
b229af87-f17e-4fac-8f6f-bc0ea775cd79,c69cd8ff-0939-4b5e-8861-867ac4ed7298,purchase,5
b229af87-f17e-4fac-8f6f-bc0ea775cd79,c35ac233-cca3-4666-86b8-afaa54d074ba,purchase,5
b229af87-f17e-4fac-8f6f-bc0ea775cd79,217b798b-e613-45cb-9f8f-046b0bf61dff,purchase,5
b229af87-f17e-4fac-8f6f-bc0ea775cd79,6261ab01-4a83-48da-bf60-85331280cde4,purchase,5
b229af87-f17e-4fac-8f6f-bc0ea775cd79,aaa373ef-1cfe-4e6a-9c87-eeba7eaec713,purchase,5
b229af87-f17e-4fac-8f6f-bc0ea775cd79,a85e7c1e-115f-4f55-a4e5-dd6ce73fd290,purchase,5
b229af87-f17e-4fac-8f6f-bc0ea775cd79,10ba22c6-04ff-459a-b8a4-b0d2e0438956,purchase,5
b229af87-f17e-4fac-8f6f-bc0ea775cd79,f126a3d5-9bf6-4cc2-80d6-f967979332c1,purchase,5
a98adab9-72f4-4a3d-a7f5-5f330d5bab3c,b1955c4b-f011-4fd3-b92e-a38a92955a50,purchase,5
a98adab9-72f4-4a3d-a7f5-5f330d5bab3c,05ff5762-10eb-48c8-b769-e2395389ab45,purchase,5
a98adab9-72f4-4a3d-a7f5-5f330d5bab3c,f0bb7ae4-e6ef-4d01-95ae-4227920d52b3,purchase,5
a98adab9-72f4-4a3d-a7f5-5f330d5bab3c,edeb67be-7462-4217-933a-328ca1ce611a,purchase,5
a98adab9-72f4-4a3d-a7f5-5f330d5bab3c,793e3062-fda8-4ebe-bec3-82c0e6e479f9,purchase,5
a98adab9-72f4-4a3d-a7f5-5f330d5bab3c,e507ce8a-6599-4816-98c9-54b2bcbe50cf,purchase,5
a98adab9-72f4-4a3d-a7f5-5f330d5bab3c,7148f50f-8161-499d-8447-25a280ca2bbd,purchase,5
a98adab9-72f4-4a3d-a7f5-5f330d5bab3c,a85e7c1e-115f-4f55-a4e5-dd6ce73fd290,purchase,5
a98adab9-72f4-4a3d-a7f5-5f330d5bab3c,96704e75-69ab-46f5-b2f5-d934baa205ee,purchase,5
c64d5529-9907-4c51-9c67-6c15148cd4c1,f1aa0ac5-e531-4a37-9da8-c71367b8f203,purchase,5
c64d5529-9907-4c51-9c67-6c15148cd4c1,edeb67be-7462-4217-933a-328ca1ce611a,purchase,5
c64d5529-9907-4c51-9c67-6c15148cd4c1,a3ef4a9b-0c76-48c0-95da-dfb895bcfce8,purchase,5
c64d5529-9907-4c51-9c67-6c15148cd4c1,8c928aca-de9e-4d19-8915-fe4fb1c63ca7,purchase,5
c64d5529-9907-4c51-9c67-6c15148cd4c1,76346a15-f86a-4e36-befa-e842a787a089,purchase,5
c64d5529-9907-4c51-9c67-6c15148cd4c1,9713b024-ec7a-4d46-a57a-29842c4df02e,purchase,5
c64d5529-9907-4c51-9c67-6c15148cd4c1,f0bb7ae4-e6ef-4d01-95ae-4227920d52b3,purchase,5
c64d5529-9907-4c51-9c67-6c15148cd4c1,75e094a1-bd7c-4dd9-a8c9-e4e28ac625bb,purchase,5
c64d5529-9907-4c51-9c67-6c15148cd4c1,71694d49-0fd5-47f8-ba53-3ba5beb8ebce,purchase,5
c64d5529-9907-4c51-9c67-6c15148cd4c1,793e3062-fda8-4ebe-bec3-82c0e6e479f9,purchase,5
3d520dee-6f76-4948-ac58-855ca44494e4,373419b8-b75b-4421-b6e5-6baf13a60918,purchase,5
3d520dee-6f76-4948-ac58-855ca44494e4,55937f90-5b80-48f0-aa99-29562a04e141,purchase,5
3d520dee-6f76-4948-ac58-855ca44494e4,3854e48e-b69c-4ab6-ae4b-99f28650b4e1,purchase,5
3d520dee-6f76-4948-ac58-855ca44494e4,3854e48e-b69c-4ab6-ae4b-99f28650b4e1,purchase,5
3d520dee-6f76-4948-ac58-855ca44494e4,33a17c81-c183-41d8-87e9-ac8689dd207e,purchase,5
2db7e521-62bf-4f58-b3d0-8fefd1d2e407,9347c0d3-e71d-420f-b001-7f406363f200,purchase,5
2db7e521-62bf-4f58-b3d0-8fefd1d2e407,b8fe1fc1-e6c0-4c7f-beb9-801851d68a5b,purchase,5
2db7e521-62bf-4f58-b3d0-8fefd1d2e407,7c5306b9-9417-4fbc-845f-836af5531ec4,purchase,5
2db7e521-62bf-4f58-b3d0-8fefd1d2e407,0bcba2bf-abd4-4f27-9703-a96c4def237a,purchase,5
2db7e521-62bf-4f58-b3d0-8fefd1d2e407,0abe0b3f-db26-4ade-b67b-b33ac969d524,purchase,5
2db7e521-62bf-4f58-b3d0-8fefd1d2e407,c69cd8ff-0939-4b5e-8861-867ac4ed7298,purchase,5
2db7e521-62bf-4f58-b3d0-8fefd1d2e407,6116fdf3-473f-4324-af54-1b950076ef52,purchase,5
2db7e521-62bf-4f58-b3d0-8fefd1d2e407,6e7747f9-a868-4d35-93b6-8cc275f70ee2,purchase,5
2db7e521-62bf-4f58-b3d0-8fefd1d2e407,3d867140-0f06-40bf-933e-786651722a42,purchase,5
0d22b583-2791-4166-aef4-d0573f42572a,ec2fa345-6c98-4539-818b-019518468e46,purchase,5
0d22b583-2791-4166-aef4-d0573f42572a,b86b17df-2a9c-4b26-9238-5f5e966ddae4,purchase,5
0d22b583-2791-4166-aef4-d0573f42572a,ac9cf104-d861-4f46-83ff-b218f1ee1f89,purchase,5
0d22b583-2791-4166-aef4-d0573f42572a,843b8fe6-27c5-4ddf-a6d2-9d4e2ab8a6c8,purchase,5
0d22b583-2791-4166-aef4-d0573f42572a,9707b860-f329-419d-acb2-9113a142b7f2,purchase,5
0d22b583-2791-4166-aef4-d0573f42572a,71694d49-0fd5-47f8-ba53-3ba5beb8ebce,purchase,5
7e27c60c-fa8c-476f-a0f1-caf40f44b739,b7237f07-c2bf-48d7-a630-3faaac02cfcc,purchase,5
7e27c60c-fa8c-476f-a0f1-caf40f44b739,8c928aca-de9e-4d19-8915-fe4fb1c63ca7,purchase,5
7e27c60c-fa8c-476f-a0f1-caf40f44b739,6116fdf3-473f-4324-af54-1b950076ef52,purchase,5
7e27c60c-fa8c-476f-a0f1-caf40f44b739,d70d9dbd-eb54-4888-875f-4da384a5a0a5,purchase,5
678c31c4-66f7-4060-b52c-44cd42084114,8f8b3419-d960-40d0-b8a2-e93a3aa6e029,purchase,5
678c31c4-66f7-4060-b52c-44cd42084114,891ad178-c9b5-45f7-889b-ea8fe3fdcb75,purchase,5
678c31c4-66f7-4060-b52c-44cd42084114,ad8f9da9-7062-472e-9893-52a4c999a664,purchase,5
678c31c4-66f7-4060-b52c-44cd42084114,96c522f6-4e25-4cf9-8b97-91383ad761de,purchase,5
8bb833ea-4f3f-4dbf-a205-ecacb54d1f69,71d94b79-71b6-4e00-b0d2-d8f349ef2929,purchase,5
8bb833ea-4f3f-4dbf-a205-ecacb54d1f69,7a0f989f-f75d-4983-be79-7cc80f0021c9,purchase,5
8bb833ea-4f3f-4dbf-a205-ecacb54d1f69,3c59ef98-feae-442d-85f1-39285e665a17,purchase,5
8bb833ea-4f3f-4dbf-a205-ecacb54d1f69,33a17c81-c183-41d8-87e9-ac8689dd207e,purchase,5
8bb833ea-4f3f-4dbf-a205-ecacb54d1f69,771df843-38b4-45ac-bbe2-1ea482b77860,purchase,5
31b9001c-75ef-4c85-92df-e8dfed4f6309,f65e93b4-53e7-4a56-a3df-47cae2e462d8,purchase,5
31b9001c-75ef-4c85-92df-e8dfed4f6309,20955018-a13b-4e52-afd0-ede45b7a417f,purchase,5
31b9001c-75ef-4c85-92df-e8dfed4f6309,bb049c61-90d8-409c-ab84-baa8444a4fe0,purchase,5
31b9001c-75ef-4c85-92df-e8dfed4f6309,8e991b5f-b25e-44d3-a883-78f4f0384a05,purchase,5
31b9001c-75ef-4c85-92df-e8dfed4f6309,6e7747f9-a868-4d35-93b6-8cc275f70ee2,purchase,5
31b9001c-75ef-4c85-92df-e8dfed4f6309,95827b65-ec7b-405b-bd26-6558d04211cf,purchase,5
2c1ce03f-9c6c-4bad-b5af-9b6970b41503,9c679bd2-a436-4dc5-8419-e7869190adf7,purchase,5
2c1ce03f-9c6c-4bad-b5af-9b6970b41503,9661f0b9-a8b6-49fa-ab6d-304679b76cf1,purchase,5
2c1ce03f-9c6c-4bad-b5af-9b6970b41503,a85e7c1e-115f-4f55-a4e5-dd6ce73fd290,purchase,5
2c1ce03f-9c6c-4bad-b5af-9b6970b41503,96704e75-69ab-46f5-b2f5-d934baa205ee,purchase,5
a448f061-7b04-4d2f-90a8-5f9f6747d719,c47a943f-1ffc-4246-a43a-3c23ec599115,purchase,5
a448f061-7b04-4d2f-90a8-5f9f6747d719,d9b9c823-f7cb-405b-a7f1-7c4ff2e38dee,purchase,5
a448f061-7b04-4d2f-90a8-5f9f6747d719,e130af80-bc18-4858-be7a-a4f72194da8e,purchase,5
a448f061-7b04-4d2f-90a8-5f9f6747d719,f5943e14-3c6e-46fb-a01d-fab1712c0421,purchase,5
a448f061-7b04-4d2f-90a8-5f9f6747d719,a57208a8-13d1-41ef-a742-35fa27a7135f,purchase,5
a448f061-7b04-4d2f-90a8-5f9f6747d719,b86b17df-2a9c-4b26-9238-5f5e966ddae4,purchase,5
a448f061-7b04-4d2f-90a8-5f9f6747d719,fb3e75a3-4e51-4ff6-b295-408714d4f03d,purchase,5
a448f061-7b04-4d2f-90a8-5f9f6747d719,3d867140-0f06-40bf-933e-786651722a42,purchase,5
a448f061-7b04-4d2f-90a8-5f9f6747d719,98d3b13b-a4ff-43d3-bba5-9d8b0612a5ca,purchase,5
a448f061-7b04-4d2f-90a8-5f9f6747d719,32a5dac6-d725-4677-9bcd-abe67387bf33,purchase,5
a448f061-7b04-4d2f-90a8-5f9f6747d719,f2512fe1-a757-4e80-aecb-b04f62b4fd46,purchase,5
a448f061-7b04-4d2f-90a8-5f9f6747d719,e7693ed6-a5b4-4383-8e54-be1c40ac04fa,purchase,5
a448f061-7b04-4d2f-90a8-5f9f6747d719,fbb8ce28-fbcb-48b8-bffb-d2d5c43ee142,purchase,5
0629010a-0505-4b2b-9c31-3b4704bd1a93,a85e7c1e-115f-4f55-a4e5-dd6ce73fd290,purchase,5
0629010a-0505-4b2b-9c31-3b4704bd1a93,ae4b4eee-886c-47fd-8bb2-6126dcb5f0ae,purchase,5
0629010a-0505-4b2b-9c31-3b4704bd1a93,4f375901-b00e-49e5-9c77-eb0a598dd6ba,purchase,5
0629010a-0505-4b2b-9c31-3b4704bd1a93,b7237f07-c2bf-48d7-a630-3faaac02cfcc,purchase,5
0629010a-0505-4b2b-9c31-3b4704bd1a93,a89617f7-ceb2-45d4-9647-57720450407d,purchase,5
0629010a-0505-4b2b-9c31-3b4704bd1a93,f0bb7ae4-e6ef-4d01-95ae-4227920d52b3,purchase,5
0629010a-0505-4b2b-9c31-3b4704bd1a93,793e3062-fda8-4ebe-bec3-82c0e6e479f9,purchase,5
0629010a-0505-4b2b-9c31-3b4704bd1a93,9713b024-ec7a-4d46-a57a-29842c4df02e,purchase,5
0629010a-0505-4b2b-9c31-3b4704bd1a93,6116fdf3-473f-4324-af54-1b950076ef52,purchase,5
0629010a-0505-4b2b-9c31-3b4704bd1a93,32a5dac6-d725-4677-9bcd-abe67387bf33,purchase,5
0629010a-0505-4b2b-9c31-3b4704bd1a93,6e7747f9-a868-4d35-93b6-8cc275f70ee2,purchase,5
0629010a-0505-4b2b-9c31-3b4704bd1a93,6e7747f9-a868-4d35-93b6-8cc275f70ee2,purchase,5
9274f7b7-e792-4dfc-9f31-ae3f983a8d7a,6e7747f9-a868-4d35-93b6-8cc275f70ee2,purchase,5
9274f7b7-e792-4dfc-9f31-ae3f983a8d7a,e7693ed6-a5b4-4383-8e54-be1c40ac04fa,purchase,5
9274f7b7-e792-4dfc-9f31-ae3f983a8d7a,c1113961-7957-41bf-9b34-7339c6fcf3b4,purchase,5
9274f7b7-e792-4dfc-9f31-ae3f983a8d7a,9b1acb85-0ccd-4afc-8a4c-19a59f810567,purchase,5
9274f7b7-e792-4dfc-9f31-ae3f983a8d7a,d9b9c823-f7cb-405b-a7f1-7c4ff2e38dee,purchase,5
9274f7b7-e792-4dfc-9f31-ae3f983a8d7a,96c522f6-4e25-4cf9-8b97-91383ad761de,purchase,5
9274f7b7-e792-4dfc-9f31-ae3f983a8d7a,8f8b3419-d960-40d0-b8a2-e93a3aa6e029,purchase,5
9274f7b7-e792-4dfc-9f31-ae3f983a8d7a,aaa373ef-1cfe-4e6a-9c87-eeba7eaec713,purchase,5
9274f7b7-e792-4dfc-9f31-ae3f983a8d7a,a57208a8-13d1-41ef-a742-35fa27a7135f,purchase,5
15c1a68f-154c-43bb-ba87-21b4f50ef3f6,5588b666-2f4b-4d9c-99da-7fcf62fcb18a,purchase,5
15c1a68f-154c-43bb-ba87-21b4f50ef3f6,38de8777-e24e-477f-81df-ee4b63637b8b,purchase,5
15c1a68f-154c-43bb-ba87-21b4f50ef3f6,217b798b-e613-45cb-9f8f-046b0bf61dff,purchase,5
15c1a68f-154c-43bb-ba87-21b4f50ef3f6,ffcb432e-fc34-4881-adad-42e90f2d9fec,purchase,5
15c1a68f-154c-43bb-ba87-21b4f50ef3f6,96704e75-69ab-46f5-b2f5-d934baa205ee,purchase,5
15c1a68f-154c-43bb-ba87-21b4f50ef3f6,8c928aca-de9e-4d19-8915-fe4fb1c63ca7,purchase,5
15c1a68f-154c-43bb-ba87-21b4f50ef3f6,9347c0d3-e71d-420f-b001-7f406363f200,purchase,5
15c1a68f-154c-43bb-ba87-21b4f50ef3f6,c69cd8ff-0939-4b5e-8861-867ac4ed7298,purchase,5
15c1a68f-154c-43bb-ba87-21b4f50ef3f6,891ad178-c9b5-45f7-889b-ea8fe3fdcb75,purchase,5
15c1a68f-154c-43bb-ba87-21b4f50ef3f6,e9fcdf70-27d5-4da8-b082-3e3cfb515ba7,purchase,5
15c1a68f-154c-43bb-ba87-21b4f50ef3f6,7c5306b9-9417-4fbc-845f-836af5531ec4,purchase,5
15c1a68f-154c-43bb-ba87-21b4f50ef3f6,71694d49-0fd5-47f8-ba53-3ba5beb8ebce,purchase,5
15c1a68f-154c-43bb-ba87-21b4f50ef3f6,ffcb432e-fc34-4881-adad-42e90f2d9fec,purchase,5
15c1a68f-154c-43bb-ba87-21b4f50ef3f6,96704e75-69ab-46f5-b2f5-d934baa205ee,purchase,5
15c1a68f-154c-43bb-ba87-21b4f50ef3f6,d9b9c823-f7cb-405b-a7f1-7c4ff2e38dee,purchase,5
15c1a68f-154c-43bb-ba87-21b4f50ef3f6,8e991b5f-b25e-44d3-a883-78f4f0384a05,purchase,5
15c1a68f-154c-43bb-ba87-21b4f50ef3f6,6e7747f9-a868-4d35-93b6-8cc275f70ee2,purchase,5
15c1a68f-154c-43bb-ba87-21b4f50ef3f6,e130af80-bc18-4858-be7a-a4f72194da8e,purchase,5
15c1a68f-154c-43bb-ba87-21b4f50ef3f6,a57208a8-13d1-41ef-a742-35fa27a7135f,purchase,5
15c1a68f-154c-43bb-ba87-21b4f50ef3f6,98d3b13b-a4ff-43d3-bba5-9d8b0612a5ca,purchase,5
e24876b4-883c-4c03-92db-392b751c5036,b8fe1fc1-e6c0-4c7f-beb9-801851d68a5b,purchase,5
e24876b4-883c-4c03-92db-392b751c5036,8c928aca-de9e-4d19-8915-fe4fb1c63ca7,purchase,5
e24876b4-883c-4c03-92db-392b751c5036,217b798b-e613-45cb-9f8f-046b0bf61dff,purchase,5
e24876b4-883c-4c03-92db-392b751c5036,05ff5762-10eb-48c8-b769-e2395389ab45,purchase,5
6f7c368c-0c1a-42a5-84e8-7fd8505cd344,28fe39cb-f025-41ed-aeb1-458efb9e07c2,purchase,5
6f7c368c-0c1a-42a5-84e8-7fd8505cd344,4858f914-3a37-4bbf-8f26-2de12a62db42,purchase,5
6f7c368c-0c1a-42a5-84e8-7fd8505cd344,5e382b17-bec6-4816-9b46-985e78971b6d,purchase,5
6f7c368c-0c1a-42a5-84e8-7fd8505cd344,38de8777-e24e-477f-81df-ee4b63637b8b,purchase,5
6f7c368c-0c1a-42a5-84e8-7fd8505cd344,301d330c-7c93-4d98-afe6-f495b8f38552,purchase,5
6f7c368c-0c1a-42a5-84e8-7fd8505cd344,217b798b-e613-45cb-9f8f-046b0bf61dff,purchase,5
6f7c368c-0c1a-42a5-84e8-7fd8505cd344,1809e731-c2cb-4155-8036-dd52131e92a2,purchase,5
6f7c368c-0c1a-42a5-84e8-7fd8505cd344,d498e65c-5e5f-4cb9-8dc8-f2077663c60f,purchase,5
6f7c368c-0c1a-42a5-84e8-7fd8505cd344,10ba22c6-04ff-459a-b8a4-b0d2e0438956,purchase,5
6f7c368c-0c1a-42a5-84e8-7fd8505cd344,ee8aadd6-3875-41b4-846a-0ce5bb118452,purchase,5
6f7c368c-0c1a-42a5-84e8-7fd8505cd344,7322fc17-a36f-4391-8eb5-0a263c060d85,purchase,5
6f7c368c-0c1a-42a5-84e8-7fd8505cd344,b7237f07-c2bf-48d7-a630-3faaac02cfcc,purchase,5
6f7c368c-0c1a-42a5-84e8-7fd8505cd344,db3696a1-0136-4c07-a4cb-a206e724cfe6,purchase,5
6f7c368c-0c1a-42a5-84e8-7fd8505cd344,3bf1108e-4b62-4df5-b5b5-273e195e7379,purchase,5
6f7c368c-0c1a-42a5-84e8-7fd8505cd344,6116fdf3-473f-4324-af54-1b950076ef52,purchase,5
6f7c368c-0c1a-42a5-84e8-7fd8505cd344,ffcb432e-fc34-4881-adad-42e90f2d9fec,purchase,5
6f7c368c-0c1a-42a5-84e8-7fd8505cd344,5588b666-2f4b-4d9c-99da-7fcf62fcb18a,purchase,5
74fd76af-31b9-4741-bd1c-d5be331ee077,301d330c-7c93-4d98-afe6-f495b8f38552,purchase,5
74fd76af-31b9-4741-bd1c-d5be331ee077,d498e65c-5e5f-4cb9-8dc8-f2077663c60f,purchase,5
74fd76af-31b9-4741-bd1c-d5be331ee077,18e7fd6b-a0fb-4017-8689-21a9ee7020cc,purchase,5
74fd76af-31b9-4741-bd1c-d5be331ee077,e24af3cd-fc9f-400c-8c76-8aba05a803b5,purchase,5
74fd76af-31b9-4741-bd1c-d5be331ee077,4f375901-b00e-49e5-9c77-eb0a598dd6ba,purchase,5
74fd76af-31b9-4741-bd1c-d5be331ee077,ec2fa345-6c98-4539-818b-019518468e46,purchase,5
74fd76af-31b9-4741-bd1c-d5be331ee077,8c928aca-de9e-4d19-8915-fe4fb1c63ca7,purchase,5
74fd76af-31b9-4741-bd1c-d5be331ee077,6116fdf3-473f-4324-af54-1b950076ef52,purchase,5
74fd76af-31b9-4741-bd1c-d5be331ee077,e639b464-6d0a-4a96-a45b-d5ce23ccd3d8,purchase,5
74fd76af-31b9-4741-bd1c-d5be331ee077,92cb63c7-2400-4c26-8b7e-40aa0228ef74,purchase,5
74fd76af-31b9-4741-bd1c-d5be331ee077,a85e7c1e-115f-4f55-a4e5-dd6ce73fd290,purchase,5
74fd76af-31b9-4741-bd1c-d5be331ee077,5895c541-37c9-462e-9ff8-a89dd40d7bad,purchase,5
74fd76af-31b9-4741-bd1c-d5be331ee077,f5943e14-3c6e-46fb-a01d-fab1712c0421,purchase,5
74fd76af-31b9-4741-bd1c-d5be331ee077,a57208a8-13d1-41ef-a742-35fa27a7135f,purchase,5
74fd76af-31b9-4741-bd1c-d5be331ee077,f5943e14-3c6e-46fb-a01d-fab1712c0421,purchase,5
74fd76af-31b9-4741-bd1c-d5be331ee077,e7693ed6-a5b4-4383-8e54-be1c40ac04fa,purchase,5
74fd76af-31b9-4741-bd1c-d5be331ee077,f2512fe1-a757-4e80-aecb-b04f62b4fd46,purchase,5
74fd76af-31b9-4741-bd1c-d5be331ee077,c47a943f-1ffc-4246-a43a-3c23ec599115,purchase,5
5f19c67c-6403-40d5-98e5-a9997848c92f,95827b65-ec7b-405b-bd26-6558d04211cf,purchase,5
5f19c67c-6403-40d5-98e5-a9997848c92f,20955018-a13b-4e52-afd0-ede45b7a417f,purchase,5
5f19c67c-6403-40d5-98e5-a9997848c92f,ebb9d192-e38a-4051-a092-e774cdc399f1,purchase,5
5f19c67c-6403-40d5-98e5-a9997848c92f,c119f0ef-da67-49fa-8018-1302a761003e,purchase,5
5f19c67c-6403-40d5-98e5-a9997848c92f,0704609b-65b9-4ca9-857d-b9f5ed9ef750,purchase,5
5f19c67c-6403-40d5-98e5-a9997848c92f,ac9cf104-d861-4f46-83ff-b218f1ee1f89,purchase,5
5f19c67c-6403-40d5-98e5-a9997848c92f,5d0e2a7f-dd77-4c7a-adab-30248b5fb09e,purchase,5
5f19c67c-6403-40d5-98e5-a9997848c92f,10ba22c6-04ff-459a-b8a4-b0d2e0438956,purchase,5
b6d9c6af-51d5-4375-a75b-b6d84eedd1dd,10ba22c6-04ff-459a-b8a4-b0d2e0438956,purchase,5
b6d9c6af-51d5-4375-a75b-b6d84eedd1dd,c119f0ef-da67-49fa-8018-1302a761003e,purchase,5
b6d9c6af-51d5-4375-a75b-b6d84eedd1dd,c35ac233-cca3-4666-86b8-afaa54d074ba,purchase,5
b6d9c6af-51d5-4375-a75b-b6d84eedd1dd,f685cea6-faf6-4e8c-83a6-700140484490,purchase,5
b6d9c6af-51d5-4375-a75b-b6d84eedd1dd,e5a5a0d4-1de7-403f-8464-34ee1ba1416e,purchase,5
ec573c84-1b84-4b78-bc10-937c4ccf6702,4f6f26a6-ee7e-410b-92dd-5b0a191abee7,purchase,5
ec573c84-1b84-4b78-bc10-937c4ccf6702,c84ecb00-47d9-4064-a841-803e63df8f23,purchase,5
ec573c84-1b84-4b78-bc10-937c4ccf6702,5860deb7-6b4b-4d25-9f3c-b704b3906e34,purchase,5
ec573c84-1b84-4b78-bc10-937c4ccf6702,6e7747f9-a868-4d35-93b6-8cc275f70ee2,purchase,5
ec573c84-1b84-4b78-bc10-937c4ccf6702,43b912f3-b32d-4c84-b508-83f3052e2350,purchase,5
ec573c84-1b84-4b78-bc10-937c4ccf6702,d9b9c823-f7cb-405b-a7f1-7c4ff2e38dee,purchase,5
ec573c84-1b84-4b78-bc10-937c4ccf6702,32a5dac6-d725-4677-9bcd-abe67387bf33,purchase,5
ec573c84-1b84-4b78-bc10-937c4ccf6702,a57208a8-13d1-41ef-a742-35fa27a7135f,purchase,5
ec573c84-1b84-4b78-bc10-937c4ccf6702,9b1acb85-0ccd-4afc-8a4c-19a59f810567,purchase,5
e9088ef5-a4f0-47a2-b53e-1020383f2b09,b1955c4b-f011-4fd3-b92e-a38a92955a50,purchase,5
e9088ef5-a4f0-47a2-b53e-1020383f2b09,95827b65-ec7b-405b-bd26-6558d04211cf,purchase,5
e9088ef5-a4f0-47a2-b53e-1020383f2b09,0704609b-65b9-4ca9-857d-b9f5ed9ef750,purchase,5
e9088ef5-a4f0-47a2-b53e-1020383f2b09,0abe0b3f-db26-4ade-b67b-b33ac969d524,purchase,5
e9088ef5-a4f0-47a2-b53e-1020383f2b09,3c59ef98-feae-442d-85f1-39285e665a17,purchase,5
e9088ef5-a4f0-47a2-b53e-1020383f2b09,217b798b-e613-45cb-9f8f-046b0bf61dff,purchase,5
e9088ef5-a4f0-47a2-b53e-1020383f2b09,c38eadaf-8424-4f27-bb49-3f838ca26f28,purchase,5
e9088ef5-a4f0-47a2-b53e-1020383f2b09,f0bb7ae4-e6ef-4d01-95ae-4227920d52b3,purchase,5
e9088ef5-a4f0-47a2-b53e-1020383f2b09,6116fdf3-473f-4324-af54-1b950076ef52,purchase,5
e9088ef5-a4f0-47a2-b53e-1020383f2b09,8c928aca-de9e-4d19-8915-fe4fb1c63ca7,purchase,5
e9088ef5-a4f0-47a2-b53e-1020383f2b09,96704e75-69ab-46f5-b2f5-d934baa205ee,purchase,5
e9088ef5-a4f0-47a2-b53e-1020383f2b09,a5612187-6268-4a5a-8d31-5b03e1c73e49,purchase,5
e9088ef5-a4f0-47a2-b53e-1020383f2b09,de77e80f-9035-4149-b2c0-be762d2012bf,purchase,5
e9088ef5-a4f0-47a2-b53e-1020383f2b09,7322fc17-a36f-4391-8eb5-0a263c060d85,purchase,5
e9088ef5-a4f0-47a2-b53e-1020383f2b09,76346a15-f86a-4e36-befa-e842a787a089,purchase,5
e9088ef5-a4f0-47a2-b53e-1020383f2b09,2fc69a3e-4eaa-4f83-816e-86e208e1080f,purchase,5
e9088ef5-a4f0-47a2-b53e-1020383f2b09,5dedae03-b9c1-442e-aefe-6170e7a2aa6b,purchase,5
7b973387-da99-4387-ad97-dc028b447ab5,a57208a8-13d1-41ef-a742-35fa27a7135f,purchase,5
7b973387-da99-4387-ad97-dc028b447ab5,9b1acb85-0ccd-4afc-8a4c-19a59f810567,purchase,5
7b973387-da99-4387-ad97-dc028b447ab5,c1113961-7957-41bf-9b34-7339c6fcf3b4,purchase,5
426c7568-9d95-4da2-915c-9c2b77a375e7,95827b65-ec7b-405b-bd26-6558d04211cf,purchase,5
426c7568-9d95-4da2-915c-9c2b77a375e7,a892a150-9da8-4e08-a26a-f6aeaba7c6bd,purchase,5
426c7568-9d95-4da2-915c-9c2b77a375e7,ec2fa345-6c98-4539-818b-019518468e46,purchase,5
426c7568-9d95-4da2-915c-9c2b77a375e7,2d02e101-5ee9-41ec-b347-a971001b5977,purchase,5
ee5f32a6-e299-4710-985b-782f7cb17321,201ba376-2945-4e67-a5da-bc72e08ce70d,purchase,5
ee5f32a6-e299-4710-985b-782f7cb17321,056688ae-3eb3-4962-bd60-f743d110ca66,purchase,5
bcde89b9-7107-4447-b31a-09088ae73636,b1955c4b-f011-4fd3-b92e-a38a92955a50,purchase,5
bcde89b9-7107-4447-b31a-09088ae73636,d498e65c-5e5f-4cb9-8dc8-f2077663c60f,purchase,5
bcde89b9-7107-4447-b31a-09088ae73636,997fa52b-548d-437e-a183-9ba64cff62ac,purchase,5
bcde89b9-7107-4447-b31a-09088ae73636,db3696a1-0136-4c07-a4cb-a206e724cfe6,purchase,5
bcde89b9-7107-4447-b31a-09088ae73636,ec2fa345-6c98-4539-818b-019518468e46,purchase,5
bcde89b9-7107-4447-b31a-09088ae73636,b9e205bb-0b77-427d-a59d-008eaee578ca,purchase,5
bcde89b9-7107-4447-b31a-09088ae73636,a85e7c1e-115f-4f55-a4e5-dd6ce73fd290,purchase,5
bcde89b9-7107-4447-b31a-09088ae73636,a3dfb4e4-f510-450f-8618-97cd71b45c6c,purchase,5
bcde89b9-7107-4447-b31a-09088ae73636,95827b65-ec7b-405b-bd26-6558d04211cf,purchase,5
bcde89b9-7107-4447-b31a-09088ae73636,fbb8ce28-fbcb-48b8-bffb-d2d5c43ee142,purchase,5
bcde89b9-7107-4447-b31a-09088ae73636,0adf1bbd-9d32-43a9-a6af-e1ba5ddbdf4e,purchase,5
bcde89b9-7107-4447-b31a-09088ae73636,485a8f26-f2fe-4e74-9c0f-7f16bf65a9e8,purchase,5
d9deacc1-7a23-4368-b614-0fb3c1a38d1c,77a202f0-8daf-4dfa-abae-9d9c1491cfe9,purchase,5
d9deacc1-7a23-4368-b614-0fb3c1a38d1c,5dedae03-b9c1-442e-aefe-6170e7a2aa6b,purchase,5
d9deacc1-7a23-4368-b614-0fb3c1a38d1c,edeb67be-7462-4217-933a-328ca1ce611a,purchase,5
d9deacc1-7a23-4368-b614-0fb3c1a38d1c,a85e7c1e-115f-4f55-a4e5-dd6ce73fd290,purchase,5
d9deacc1-7a23-4368-b614-0fb3c1a38d1c,997fa52b-548d-437e-a183-9ba64cff62ac,purchase,5
d9deacc1-7a23-4368-b614-0fb3c1a38d1c,7c5306b9-9417-4fbc-845f-836af5531ec4,purchase,5
d9deacc1-7a23-4368-b614-0fb3c1a38d1c,05ff5762-10eb-48c8-b769-e2395389ab45,purchase,5
d9deacc1-7a23-4368-b614-0fb3c1a38d1c,92cb63c7-2400-4c26-8b7e-40aa0228ef74,purchase,5
d9deacc1-7a23-4368-b614-0fb3c1a38d1c,ac9cf104-d861-4f46-83ff-b218f1ee1f89,purchase,5
d9deacc1-7a23-4368-b614-0fb3c1a38d1c,2e48b0ca-29be-4331-a7f6-ec7713488af2,purchase,5
d9deacc1-7a23-4368-b614-0fb3c1a38d1c,19006f8c-ae90-4e6a-b058-d47dadeb8bf3,purchase,5
d9deacc1-7a23-4368-b614-0fb3c1a38d1c,0aefea5a-03b3-44e5-9a69-03b727d22dfa,purchase,5
d9deacc1-7a23-4368-b614-0fb3c1a38d1c,8e422368-b502-45b9-8e16-5dc88e1b61bc,purchase,5
d9deacc1-7a23-4368-b614-0fb3c1a38d1c,75e094a1-bd7c-4dd9-a8c9-e4e28ac625bb,purchase,5
d9deacc1-7a23-4368-b614-0fb3c1a38d1c,92cb63c7-2400-4c26-8b7e-40aa0228ef74,purchase,5
d9deacc1-7a23-4368-b614-0fb3c1a38d1c,a5612187-6268-4a5a-8d31-5b03e1c73e49,purchase,5
d9deacc1-7a23-4368-b614-0fb3c1a38d1c,05ff5762-10eb-48c8-b769-e2395389ab45,purchase,5
d9deacc1-7a23-4368-b614-0fb3c1a38d1c,ae4b4eee-886c-47fd-8bb2-6126dcb5f0ae,purchase,5
85429147-f4d9-423b-9575-b515a4628bb1,aaa373ef-1cfe-4e6a-9c87-eeba7eaec713,purchase,5
85429147-f4d9-423b-9575-b515a4628bb1,8c80487d-9cb4-49df-ab63-9cde11eaf0a8,purchase,5
85429147-f4d9-423b-9575-b515a4628bb1,595ecbc3-673a-4d2a-b389-1ab9820a0b33,purchase,5
85429147-f4d9-423b-9575-b515a4628bb1,3854e48e-b69c-4ab6-ae4b-99f28650b4e1,purchase,5
85429147-f4d9-423b-9575-b515a4628bb1,87a8b5fb-6e0a-4062-9319-dc9f23faf5a5,purchase,5
85429147-f4d9-423b-9575-b515a4628bb1,2ae5516a-ee07-489a-8d16-42113260fca2,purchase,5
90b24745-f642-4947-af12-0999a7d985d1,71694d49-0fd5-47f8-ba53-3ba5beb8ebce,purchase,5
90b24745-f642-4947-af12-0999a7d985d1,20955018-a13b-4e52-afd0-ede45b7a417f,purchase,5
90b24745-f642-4947-af12-0999a7d985d1,373419b8-b75b-4421-b6e5-6baf13a60918,purchase,5
90b24745-f642-4947-af12-0999a7d985d1,7148f50f-8161-499d-8447-25a280ca2bbd,purchase,5
90b24745-f642-4947-af12-0999a7d985d1,063c670e-811e-4b5a-93ff-89c1af30ef33,purchase,5
90b24745-f642-4947-af12-0999a7d985d1,ac9cf104-d861-4f46-83ff-b218f1ee1f89,purchase,5
90b24745-f642-4947-af12-0999a7d985d1,3c59ef98-feae-442d-85f1-39285e665a17,purchase,5
7ac59731-821d-4b78-8581-6466f7599bbe,e78f8e7b-706a-4b3e-a137-16af136e81bf,purchase,5
7ac59731-821d-4b78-8581-6466f7599bbe,f0e54b90-057e-4c7c-8e66-1b7fbfc0276d,purchase,5
7ac59731-821d-4b78-8581-6466f7599bbe,ebb9d192-e38a-4051-a092-e774cdc399f1,purchase,5
7ac59731-821d-4b78-8581-6466f7599bbe,b86b17df-2a9c-4b26-9238-5f5e966ddae4,purchase,5
7ac59731-821d-4b78-8581-6466f7599bbe,ac9cf104-d861-4f46-83ff-b218f1ee1f89,purchase,5
7ac59731-821d-4b78-8581-6466f7599bbe,ec2fa345-6c98-4539-818b-019518468e46,purchase,5
7ac59731-821d-4b78-8581-6466f7599bbe,7a84a556-1ce7-49c6-898b-7dff1e90a558,purchase,5
7ac59731-821d-4b78-8581-6466f7599bbe,55937f90-5b80-48f0-aa99-29562a04e141,purchase,5
7ac59731-821d-4b78-8581-6466f7599bbe,8c928aca-de9e-4d19-8915-fe4fb1c63ca7,purchase,5
7ac59731-821d-4b78-8581-6466f7599bbe,3d867140-0f06-40bf-933e-786651722a42,purchase,5
7ac59731-821d-4b78-8581-6466f7599bbe,a5612187-6268-4a5a-8d31-5b03e1c73e49,purchase,5
7ac59731-821d-4b78-8581-6466f7599bbe,ae4b4eee-886c-47fd-8bb2-6126dcb5f0ae,purchase,5
7ac59731-821d-4b78-8581-6466f7599bbe,2e48b0ca-29be-4331-a7f6-ec7713488af2,purchase,5
7ac59731-821d-4b78-8581-6466f7599bbe,0aefea5a-03b3-44e5-9a69-03b727d22dfa,purchase,5
7ac59731-821d-4b78-8581-6466f7599bbe,92cb63c7-2400-4c26-8b7e-40aa0228ef74,purchase,5
6cf9592d-97a3-4a8b-8a1f-d7805e519c67,0552d60c-8b38-4dd5-95be-c152645c4d5a,purchase,5
6cf9592d-97a3-4a8b-8a1f-d7805e519c67,5895c541-37c9-462e-9ff8-a89dd40d7bad,purchase,5
6cf9592d-97a3-4a8b-8a1f-d7805e519c67,483811ce-3dfd-46b8-a852-5b6ece834034,purchase,5
6cf9592d-97a3-4a8b-8a1f-d7805e519c67,77a202f0-8daf-4dfa-abae-9d9c1491cfe9,purchase,5
6cf9592d-97a3-4a8b-8a1f-d7805e519c67,b9e205bb-0b77-427d-a59d-008eaee578ca,purchase,5
6cf9592d-97a3-4a8b-8a1f-d7805e519c67,e7105aee-0637-4191-adce-c424c573408f,purchase,5
6cf9592d-97a3-4a8b-8a1f-d7805e519c67,c119f0ef-da67-49fa-8018-1302a761003e,purchase,5
6cf9592d-97a3-4a8b-8a1f-d7805e519c67,5e382b17-bec6-4816-9b46-985e78971b6d,purchase,5
6cf9592d-97a3-4a8b-8a1f-d7805e519c67,373419b8-b75b-4421-b6e5-6baf13a60918,purchase,5
6cf9592d-97a3-4a8b-8a1f-d7805e519c67,71694d49-0fd5-47f8-ba53-3ba5beb8ebce,purchase,5
6cf9592d-97a3-4a8b-8a1f-d7805e519c67,b1955c4b-f011-4fd3-b92e-a38a92955a50,purchase,5
482d17f2-55f2-44dd-a97d-7924b2dd9859,a85e7c1e-115f-4f55-a4e5-dd6ce73fd290,purchase,5
482d17f2-55f2-44dd-a97d-7924b2dd9859,5f267152-e153-4d48-abff-346267a5c9cc,purchase,5
482d17f2-55f2-44dd-a97d-7924b2dd9859,b22da9ef-9a0f-4936-9440-aa4fb45dfb48,purchase,5
482d17f2-55f2-44dd-a97d-7924b2dd9859,9347c0d3-e71d-420f-b001-7f406363f200,purchase,5
482d17f2-55f2-44dd-a97d-7924b2dd9859,5f267152-e153-4d48-abff-346267a5c9cc,purchase,5
482d17f2-55f2-44dd-a97d-7924b2dd9859,ac9cf104-d861-4f46-83ff-b218f1ee1f89,purchase,5
482d17f2-55f2-44dd-a97d-7924b2dd9859,9b1acb85-0ccd-4afc-8a4c-19a59f810567,purchase,5
482d17f2-55f2-44dd-a97d-7924b2dd9859,c47a943f-1ffc-4246-a43a-3c23ec599115,purchase,5
482d17f2-55f2-44dd-a97d-7924b2dd9859,a57208a8-13d1-41ef-a742-35fa27a7135f,purchase,5
482d17f2-55f2-44dd-a97d-7924b2dd9859,43b912f3-b32d-4c84-b508-83f3052e2350,purchase,5
482d17f2-55f2-44dd-a97d-7924b2dd9859,9713b024-ec7a-4d46-a57a-29842c4df02e,purchase,5
482d17f2-55f2-44dd-a97d-7924b2dd9859,fbb8ce28-fbcb-48b8-bffb-d2d5c43ee142,purchase,5
482d17f2-55f2-44dd-a97d-7924b2dd9859,f5943e14-3c6e-46fb-a01d-fab1712c0421,purchase,5
482d17f2-55f2-44dd-a97d-7924b2dd9859,e507ce8a-6599-4816-98c9-54b2bcbe50cf,purchase,5
482d17f2-55f2-44dd-a97d-7924b2dd9859,b7237f07-c2bf-48d7-a630-3faaac02cfcc,purchase,5
482d17f2-55f2-44dd-a97d-7924b2dd9859,a3ef4a9b-0c76-48c0-95da-dfb895bcfce8,purchase,5
482d17f2-55f2-44dd-a97d-7924b2dd9859,c38eadaf-8424-4f27-bb49-3f838ca26f28,purchase,5
482d17f2-55f2-44dd-a97d-7924b2dd9859,9b1acb85-0ccd-4afc-8a4c-19a59f810567,purchase,5
482d17f2-55f2-44dd-a97d-7924b2dd9859,98d3b13b-a4ff-43d3-bba5-9d8b0612a5ca,purchase,5
482d17f2-55f2-44dd-a97d-7924b2dd9859,8c80487d-9cb4-49df-ab63-9cde11eaf0a8,purchase,5
482d17f2-55f2-44dd-a97d-7924b2dd9859,3854e48e-b69c-4ab6-ae4b-99f28650b4e1,purchase,5
482d17f2-55f2-44dd-a97d-7924b2dd9859,33a17c81-c183-41d8-87e9-ac8689dd207e,purchase,5
73566187-4bcd-4b22-b3d4-ca6fef1a6a10,de77e80f-9035-4149-b2c0-be762d2012bf,purchase,5
73566187-4bcd-4b22-b3d4-ca6fef1a6a10,5dedae03-b9c1-442e-aefe-6170e7a2aa6b,purchase,5
73566187-4bcd-4b22-b3d4-ca6fef1a6a10,3c59ef98-feae-442d-85f1-39285e665a17,purchase,5
73566187-4bcd-4b22-b3d4-ca6fef1a6a10,19006f8c-ae90-4e6a-b058-d47dadeb8bf3,purchase,5
73566187-4bcd-4b22-b3d4-ca6fef1a6a10,2ae5516a-ee07-489a-8d16-42113260fca2,purchase,5
73566187-4bcd-4b22-b3d4-ca6fef1a6a10,6116fdf3-473f-4324-af54-1b950076ef52,purchase,5
013ee78c-20e1-4ca6-aa1e-d2ae19b84442,063c670e-811e-4b5a-93ff-89c1af30ef33,purchase,5
013ee78c-20e1-4ca6-aa1e-d2ae19b84442,5895c541-37c9-462e-9ff8-a89dd40d7bad,purchase,5
013ee78c-20e1-4ca6-aa1e-d2ae19b84442,4f375901-b00e-49e5-9c77-eb0a598dd6ba,purchase,5
013ee78c-20e1-4ca6-aa1e-d2ae19b84442,2e48b0ca-29be-4331-a7f6-ec7713488af2,purchase,5
013ee78c-20e1-4ca6-aa1e-d2ae19b84442,0abe0b3f-db26-4ade-b67b-b33ac969d524,purchase,5
013ee78c-20e1-4ca6-aa1e-d2ae19b84442,8c928aca-de9e-4d19-8915-fe4fb1c63ca7,purchase,5
013ee78c-20e1-4ca6-aa1e-d2ae19b84442,ac9cf104-d861-4f46-83ff-b218f1ee1f89,purchase,5
013ee78c-20e1-4ca6-aa1e-d2ae19b84442,f2512fe1-a757-4e80-aecb-b04f62b4fd46,purchase,5
013ee78c-20e1-4ca6-aa1e-d2ae19b84442,d9b9c823-f7cb-405b-a7f1-7c4ff2e38dee,purchase,5
013ee78c-20e1-4ca6-aa1e-d2ae19b84442,e130af80-bc18-4858-be7a-a4f72194da8e,purchase,5
013ee78c-20e1-4ca6-aa1e-d2ae19b84442,0aefea5a-03b3-44e5-9a69-03b727d22dfa,purchase,5
013ee78c-20e1-4ca6-aa1e-d2ae19b84442,19006f8c-ae90-4e6a-b058-d47dadeb8bf3,purchase,5
a522d4a5-5421-4b1c-a8fc-c9e0c1b93d10,7286579f-c9fb-4fbb-be0c-0c6293e95ce9,add_to_cart,3
a522d4a5-5421-4b1c-a8fc-c9e0c1b93d10,6a8c4009-0e0f-4323-bc3e-7b60ccca13cb,add_to_cart,3
e9088ef5-a4f0-47a2-b53e-1020383f2b09,4ebfc054-39da-4b3c-9f11-9d423fa4e482,add_to_cart,3
85429147-f4d9-423b-9575-b515a4628bb1,96704e75-69ab-46f5-b2f5-d934baa205ee,add_to_cart,3
3d520dee-6f76-4948-ac58-855ca44494e4,996e16c3-8d63-41d1-8a64-1cc5cc14d680,add_to_cart,3
74fd76af-31b9-4741-bd1c-d5be331ee077,d70d9dbd-eb54-4888-875f-4da384a5a0a5,add_to_cart,3
2db7e521-62bf-4f58-b3d0-8fefd1d2e407,a2776811-eed7-4c4a-89af-e03466b9ad33,add_to_cart,3
16b94b68-3876-4b2e-a983-57c491b9e3de,4c6fa416-615f-4807-b968-9bf9cae1b131,add_to_cart,3
85429147-f4d9-423b-9575-b515a4628bb1,e24af3cd-fc9f-400c-8c76-8aba05a803b5,add_to_cart,3
85429147-f4d9-423b-9575-b515a4628bb1,b11d5edc-9b25-4eab-8f56-aae3476a7082,add_to_cart,3
85429147-f4d9-423b-9575-b515a4628bb1,082496bb-56c6-4ecc-84af-3c46bebec65f,add_to_cart,3
74fd76af-31b9-4741-bd1c-d5be331ee077,b8e78200-4f48-45f6-9d4a-d16540c5add7,add_to_cart,3
74fd76af-31b9-4741-bd1c-d5be331ee077,9707b860-f329-419d-acb2-9113a142b7f2,add_to_cart,3
85429147-f4d9-423b-9575-b515a4628bb1,7322fc17-a36f-4391-8eb5-0a263c060d85,add_to_cart,3
e9088ef5-a4f0-47a2-b53e-1020383f2b09,301d330c-7c93-4d98-afe6-f495b8f38552,add_to_cart,3
096e2881-64b1-4d31-ab7a-d228ee1b356f,42610d29-5882-4d8c-8339-e2eee4fd46e7,add_to_cart,3
85429147-f4d9-423b-9575-b515a4628bb1,cbf585bb-6a0e-4eb7-9c3b-e0b373028fcc,add_to_cart,3
85429147-f4d9-423b-9575-b515a4628bb1,7abda2b1-1aa6-4e94-954f-574a7a9b5c7b,add_to_cart,3
a522d4a5-5421-4b1c-a8fc-c9e0c1b93d10,6edc5aae-65c3-49be-926a-9140610964bc,add_to_cart,3
a522d4a5-5421-4b1c-a8fc-c9e0c1b93d10,9efb3a6b-7c00-44e8-ae77-af67b604f973,add_to_cart,3
85429147-f4d9-423b-9575-b515a4628bb1,9bef9087-6d9c-4bd7-8248-b96202905dcd,add_to_cart,3
2db7e521-62bf-4f58-b3d0-8fefd1d2e407,42610d29-5882-4d8c-8339-e2eee4fd46e7,add_to_cart,3
0d22b583-2791-4166-aef4-d0573f42572a,5e264091-95bf-4a75-bcc2-33960c09d499,add_to_cart,3
0d22b583-2791-4166-aef4-d0573f42572a,7ece191f-5a12-468b-aa29-dca3b690fd9c,add_to_cart,3
85429147-f4d9-423b-9575-b515a4628bb1,db3696a1-0136-4c07-a4cb-a206e724cfe6,add_to_cart,3
0d22b583-2791-4166-aef4-d0573f42572a,a2776811-eed7-4c4a-89af-e03466b9ad33,add_to_cart,3
2db7e521-62bf-4f58-b3d0-8fefd1d2e407,9fed2633-01b1-406e-9031-829b0d1b3cfc,add_to_cart,3
85429147-f4d9-423b-9575-b515a4628bb1,5860deb7-6b4b-4d25-9f3c-b704b3906e34,add_to_cart,3
b6d9c6af-51d5-4375-a75b-b6d84eedd1dd,ffcb432e-fc34-4881-adad-42e90f2d9fec,add_to_cart,3
0d22b583-2791-4166-aef4-d0573f42572a,b11d5edc-9b25-4eab-8f56-aae3476a7082,add_to_cart,3
85429147-f4d9-423b-9575-b515a4628bb1,a3dfb4e4-f510-450f-8618-97cd71b45c6c,add_to_cart,3
f52e9e4e-33d1-4f86-819b-d9e52ff8cc77,4fdbc9d0-775d-47f7-a49b-14472af06506,add_to_cart,3
49b80737-8f0a-463b-9a8b-c0f820ed5973,124b6214-1b3a-4649-9f0d-b9c690a70e66,add_to_cart,3
482d17f2-55f2-44dd-a97d-7924b2dd9859,fc3ec894-3b3e-480c-97e6-6f7e92029051,add_to_cart,3
0d22b583-2791-4166-aef4-d0573f42572a,f4e7cca5-7bcb-4133-8572-328da7c75fba,add_to_cart,3
482d17f2-55f2-44dd-a97d-7924b2dd9859,32a5dac6-d725-4677-9bcd-abe67387bf33,add_to_cart,3
482d17f2-55f2-44dd-a97d-7924b2dd9859,e7693ed6-a5b4-4383-8e54-be1c40ac04fa,add_to_cart,3
46973dfb-2b80-474c-9889-5294f94b795d,92cb63c7-2400-4c26-8b7e-40aa0228ef74,add_to_cart,3
90b24745-f642-4947-af12-0999a7d985d1,7148f50f-8161-499d-8447-25a280ca2bbd,add_to_cart,3
46973dfb-2b80-474c-9889-5294f94b795d,a892a150-9da8-4e08-a26a-f6aeaba7c6bd,add_to_cart,3
46973dfb-2b80-474c-9889-5294f94b795d,c69cd8ff-0939-4b5e-8861-867ac4ed7298,add_to_cart,3
b6d9c6af-51d5-4375-a75b-b6d84eedd1dd,d70d9dbd-eb54-4888-875f-4da384a5a0a5,add_to_cart,3
46973dfb-2b80-474c-9889-5294f94b795d,71694d49-0fd5-47f8-ba53-3ba5beb8ebce,add_to_cart,3
90b24745-f642-4947-af12-0999a7d985d1,b11d5edc-9b25-4eab-8f56-aae3476a7082,add_to_cart,3
2db7e521-62bf-4f58-b3d0-8fefd1d2e407,92527e2a-ed91-4d1e-bede-46028b75a1a3,add_to_cart,3
90b24745-f642-4947-af12-0999a7d985d1,1809e731-c2cb-4155-8036-dd52131e92a2,add_to_cart,3
b6d9c6af-51d5-4375-a75b-b6d84eedd1dd,ad8f9da9-7062-472e-9893-52a4c999a664,add_to_cart,3
90b24745-f642-4947-af12-0999a7d985d1,217b798b-e613-45cb-9f8f-046b0bf61dff,add_to_cart,3
90b24745-f642-4947-af12-0999a7d985d1,4ebfc054-39da-4b3c-9f11-9d423fa4e482,add_to_cart,3
46973dfb-2b80-474c-9889-5294f94b795d,a89617f7-ceb2-45d4-9647-57720450407d,add_to_cart,3
90b24745-f642-4947-af12-0999a7d985d1,4858f914-3a37-4bbf-8f26-2de12a62db42,add_to_cart,3
90b24745-f642-4947-af12-0999a7d985d1,38de8777-e24e-477f-81df-ee4b63637b8b,add_to_cart,3
67c766e2-a051-4554-aa1d-da7e1f63d415,6a8c4009-0e0f-4323-bc3e-7b60ccca13cb,add_to_cart,3
90b24745-f642-4947-af12-0999a7d985d1,301d330c-7c93-4d98-afe6-f495b8f38552,add_to_cart,3
46973dfb-2b80-474c-9889-5294f94b795d,bb049c61-90d8-409c-ab84-baa8444a4fe0,add_to_cart,3
b6d9c6af-51d5-4375-a75b-b6d84eedd1dd,0d7ec92b-4140-4a1f-afcf-2b842938d50e,add_to_cart,3
46973dfb-2b80-474c-9889-5294f94b795d,9b7dc030-0a26-4cb7-8545-f3f1b6e642ea,add_to_cart,3
16b94b68-3876-4b2e-a983-57c491b9e3de,359b6a3c-b2df-4cac-a951-74217b325175,add_to_cart,3
46973dfb-2b80-474c-9889-5294f94b795d,843b8fe6-27c5-4ddf-a6d2-9d4e2ab8a6c8,add_to_cart,3
b6d9c6af-51d5-4375-a75b-b6d84eedd1dd,891ad178-c9b5-45f7-889b-ea8fe3fdcb75,add_to_cart,3
0d22b583-2791-4166-aef4-d0573f42572a,b8e78200-4f48-45f6-9d4a-d16540c5add7,add_to_cart,3
46973dfb-2b80-474c-9889-5294f94b795d,ec2fa345-6c98-4539-818b-019518468e46,add_to_cart,3
6f7c368c-0c1a-42a5-84e8-7fd8505cd344,71d94b79-71b6-4e00-b0d2-d8f349ef2929,add_to_cart,3
6f7c368c-0c1a-42a5-84e8-7fd8505cd344,6edc5aae-65c3-49be-926a-9140610964bc,add_to_cart,3
46973dfb-2b80-474c-9889-5294f94b795d,e78f8e7b-706a-4b3e-a137-16af136e81bf,add_to_cart,3
46973dfb-2b80-474c-9889-5294f94b795d,bba9b794-28b8-4638-b8c8-47629c429733,add_to_cart,3
46973dfb-2b80-474c-9889-5294f94b795d,f0e54b90-057e-4c7c-8e66-1b7fbfc0276d,add_to_cart,3
46973dfb-2b80-474c-9889-5294f94b795d,f0bb7ae4-e6ef-4d01-95ae-4227920d52b3,add_to_cart,3
46973dfb-2b80-474c-9889-5294f94b795d,9fed2633-01b1-406e-9031-829b0d1b3cfc,add_to_cart,3
74fd76af-31b9-4741-bd1c-d5be331ee077,47b6d73a-e73e-4f68-89be-68e1d2ed2709,add_to_cart,3
46973dfb-2b80-474c-9889-5294f94b795d,4c6fa416-615f-4807-b968-9bf9cae1b131,add_to_cart,3
46973dfb-2b80-474c-9889-5294f94b795d,16dc77da-cb33-4093-832c-b7784f3910fe,add_to_cart,3
482d17f2-55f2-44dd-a97d-7924b2dd9859,1809e731-c2cb-4155-8036-dd52131e92a2,add_to_cart,3
e9088ef5-a4f0-47a2-b53e-1020383f2b09,7e24a671-98a3-45b7-86a7-d8fdfb7005f5,add_to_cart,3
8f58f0c0-ae6c-4db8-b7a5-01263659b22f,5dd48644-da12-4b93-a89c-7dca9ac58eed,add_to_cart,3
8f58f0c0-ae6c-4db8-b7a5-01263659b22f,7286579f-c9fb-4fbb-be0c-0c6293e95ce9,add_to_cart,3
e9088ef5-a4f0-47a2-b53e-1020383f2b09,793e3062-fda8-4ebe-bec3-82c0e6e479f9,add_to_cart,3
74fd76af-31b9-4741-bd1c-d5be331ee077,f4e7cca5-7bcb-4133-8572-328da7c75fba,add_to_cart,3
482d17f2-55f2-44dd-a97d-7924b2dd9859,8c80487d-9cb4-49df-ab63-9cde11eaf0a8,add_to_cart,3
482d17f2-55f2-44dd-a97d-7924b2dd9859,8e991b5f-b25e-44d3-a883-78f4f0384a05,add_to_cart,3
482d17f2-55f2-44dd-a97d-7924b2dd9859,98d3b13b-a4ff-43d3-bba5-9d8b0612a5ca,add_to_cart,3
482d17f2-55f2-44dd-a97d-7924b2dd9859,aaa373ef-1cfe-4e6a-9c87-eeba7eaec713,add_to_cart,3
c64d5529-9907-4c51-9c67-6c15148cd4c1,7e24a671-98a3-45b7-86a7-d8fdfb7005f5,add_to_cart,3
c64d5529-9907-4c51-9c67-6c15148cd4c1,9bef9087-6d9c-4bd7-8248-b96202905dcd,add_to_cart,3
482d17f2-55f2-44dd-a97d-7924b2dd9859,a57208a8-13d1-41ef-a742-35fa27a7135f,add_to_cart,3
e9088ef5-a4f0-47a2-b53e-1020383f2b09,f1aa0ac5-e531-4a37-9da8-c71367b8f203,add_to_cart,3
c64d5529-9907-4c51-9c67-6c15148cd4c1,9b7dc030-0a26-4cb7-8545-f3f1b6e642ea,add_to_cart,3
34a3554b-d552-4a82-bc40-afecebdf904e,b729d242-4987-4c56-882d-d42f2acd5907,add_to_cart,3
e9088ef5-a4f0-47a2-b53e-1020383f2b09,fc3ec894-3b3e-480c-97e6-6f7e92029051,add_to_cart,3
482d17f2-55f2-44dd-a97d-7924b2dd9859,43b912f3-b32d-4c84-b508-83f3052e2350,add_to_cart,3
e9088ef5-a4f0-47a2-b53e-1020383f2b09,5e264091-95bf-4a75-bcc2-33960c09d499,add_to_cart,3
482d17f2-55f2-44dd-a97d-7924b2dd9859,fb3e75a3-4e51-4ff6-b295-408714d4f03d,add_to_cart,3
482d17f2-55f2-44dd-a97d-7924b2dd9859,f5943e14-3c6e-46fb-a01d-fab1712c0421,add_to_cart,3
c64d5529-9907-4c51-9c67-6c15148cd4c1,878be5be-7ef7-4912-b0a5-fd18f6cd4201,add_to_cart,3
e9088ef5-a4f0-47a2-b53e-1020383f2b09,f4e7cca5-7bcb-4133-8572-328da7c75fba,add_to_cart,3
e9088ef5-a4f0-47a2-b53e-1020383f2b09,c35ac233-cca3-4666-86b8-afaa54d074ba,add_to_cart,3
e9088ef5-a4f0-47a2-b53e-1020383f2b09,b11d5edc-9b25-4eab-8f56-aae3476a7082,add_to_cart,3
678c31c4-66f7-4060-b52c-44cd42084114,843b8fe6-27c5-4ddf-a6d2-9d4e2ab8a6c8,add_to_cart,3
482d17f2-55f2-44dd-a97d-7924b2dd9859,fbb8ce28-fbcb-48b8-bffb-d2d5c43ee142,add_to_cart,3
678c31c4-66f7-4060-b52c-44cd42084114,878be5be-7ef7-4912-b0a5-fd18f6cd4201,add_to_cart,3
e9088ef5-a4f0-47a2-b53e-1020383f2b09,38de8777-e24e-477f-81df-ee4b63637b8b,add_to_cart,3
ee5f32a6-e299-4710-985b-782f7cb17321,7c98427d-2501-4b7e-b69e-5d4496734bc7,add_to_cart,3
fda88726-a110-4436-893e-5c6f1a9d1e8a,96704e75-69ab-46f5-b2f5-d934baa205ee,add_to_cart,3
7ac59731-821d-4b78-8581-6466f7599bbe,5588b666-2f4b-4d9c-99da-7fcf62fcb18a,add_to_cart,3
b229af87-f17e-4fac-8f6f-bc0ea775cd79,bba9b794-28b8-4638-b8c8-47629c429733,add_to_cart,3
7ac59731-821d-4b78-8581-6466f7599bbe,6edc5aae-65c3-49be-926a-9140610964bc,add_to_cart,3
7ac59731-821d-4b78-8581-6466f7599bbe,71d94b79-71b6-4e00-b0d2-d8f349ef2929,add_to_cart,3
fda88726-a110-4436-893e-5c6f1a9d1e8a,ffcb432e-fc34-4881-adad-42e90f2d9fec,add_to_cart,3
fda88726-a110-4436-893e-5c6f1a9d1e8a,0552d60c-8b38-4dd5-95be-c152645c4d5a,add_to_cart,3
fda88726-a110-4436-893e-5c6f1a9d1e8a,0704609b-65b9-4ca9-857d-b9f5ed9ef750,add_to_cart,3
7e27c60c-fa8c-476f-a0f1-caf40f44b739,f126a3d5-9bf6-4cc2-80d6-f967979332c1,add_to_cart,3
ee5f32a6-e299-4710-985b-782f7cb17321,2d02e101-5ee9-41ec-b347-a971001b5977,add_to_cart,3
7ac59731-821d-4b78-8581-6466f7599bbe,9661f0b9-a8b6-49fa-ab6d-304679b76cf1,add_to_cart,3
ee5f32a6-e299-4710-985b-782f7cb17321,32a5dac6-d725-4677-9bcd-abe67387bf33,add_to_cart,3
7e27c60c-fa8c-476f-a0f1-caf40f44b739,9efb3a6b-7c00-44e8-ae77-af67b604f973,add_to_cart,3
5f19c67c-6403-40d5-98e5-a9997848c92f,5588b666-2f4b-4d9c-99da-7fcf62fcb18a,add_to_cart,3
5f19c67c-6403-40d5-98e5-a9997848c92f,843b8fe6-27c5-4ddf-a6d2-9d4e2ab8a6c8,add_to_cart,3
c64d5529-9907-4c51-9c67-6c15148cd4c1,3347df82-ca57-4d17-98f4-958e8e53d12f,add_to_cart,3
c64d5529-9907-4c51-9c67-6c15148cd4c1,4e62bed0-f564-42c9-9593-3a050dbd90fa,add_to_cart,3
fda88726-a110-4436-893e-5c6f1a9d1e8a,38de8777-e24e-477f-81df-ee4b63637b8b,add_to_cart,3
ee5f32a6-e299-4710-985b-782f7cb17321,6e7747f9-a868-4d35-93b6-8cc275f70ee2,add_to_cart,3
fda88726-a110-4436-893e-5c6f1a9d1e8a,301d330c-7c93-4d98-afe6-f495b8f38552,add_to_cart,3
ee5f32a6-e299-4710-985b-782f7cb17321,8e991b5f-b25e-44d3-a883-78f4f0384a05,add_to_cart,3
7e27c60c-fa8c-476f-a0f1-caf40f44b739,0bcba2bf-abd4-4f27-9703-a96c4def237a,add_to_cart,3
fda88726-a110-4436-893e-5c6f1a9d1e8a,5e382b17-bec6-4816-9b46-985e78971b6d,add_to_cart,3
678c31c4-66f7-4060-b52c-44cd42084114,0ab7dc44-b6d7-4e06-b2d7-54cd4115ee22,add_to_cart,3
678c31c4-66f7-4060-b52c-44cd42084114,15ebe290-26c5-459b-80a6-5460995d67db,add_to_cart,3
fda88726-a110-4436-893e-5c6f1a9d1e8a,b9e205bb-0b77-427d-a59d-008eaee578ca,add_to_cart,3
fda88726-a110-4436-893e-5c6f1a9d1e8a,c10e57bf-93bf-425c-843a-bf104e7e12e6,add_to_cart,3
ee5f32a6-e299-4710-985b-782f7cb17321,0bcba2bf-abd4-4f27-9703-a96c4def237a,add_to_cart,3
678c31c4-66f7-4060-b52c-44cd42084114,7e24a671-98a3-45b7-86a7-d8fdfb7005f5,add_to_cart,3
678c31c4-66f7-4060-b52c-44cd42084114,887d787f-fd37-4af1-827c-aabed635e47f,add_to_cart,3
ee5f32a6-e299-4710-985b-782f7cb17321,10ba22c6-04ff-459a-b8a4-b0d2e0438956,add_to_cart,3
15c1a68f-154c-43bb-ba87-21b4f50ef3f6,7a0f989f-f75d-4983-be79-7cc80f0021c9,add_to_cart,3
15c1a68f-154c-43bb-ba87-21b4f50ef3f6,8e991b5f-b25e-44d3-a883-78f4f0384a05,add_to_cart,3
ee5f32a6-e299-4710-985b-782f7cb17321,217b798b-e613-45cb-9f8f-046b0bf61dff,add_to_cart,3
678c31c4-66f7-4060-b52c-44cd42084114,42610d29-5882-4d8c-8339-e2eee4fd46e7,add_to_cart,3
ee5f32a6-e299-4710-985b-782f7cb17321,1809e731-c2cb-4155-8036-dd52131e92a2,add_to_cart,3
ee5f32a6-e299-4710-985b-782f7cb17321,9efb3a6b-7c00-44e8-ae77-af67b604f973,add_to_cart,3
ee5f32a6-e299-4710-985b-782f7cb17321,a892a150-9da8-4e08-a26a-f6aeaba7c6bd,add_to_cart,3
678c31c4-66f7-4060-b52c-44cd42084114,a2776811-eed7-4c4a-89af-e03466b9ad33,add_to_cart,3
e24876b4-883c-4c03-92db-392b751c5036,b8fe1fc1-e6c0-4c7f-beb9-801851d68a5b,add_to_cart,3
8bb833ea-4f3f-4dbf-a205-ecacb54d1f69,843b8fe6-27c5-4ddf-a6d2-9d4e2ab8a6c8,add_to_cart,3
8bb833ea-4f3f-4dbf-a205-ecacb54d1f69,f4e7cca5-7bcb-4133-8572-328da7c75fba,add_to_cart,3
e24876b4-883c-4c03-92db-392b751c5036,c69cd8ff-0939-4b5e-8861-867ac4ed7298,add_to_cart,3
7ac59731-821d-4b78-8581-6466f7599bbe,ae4b4eee-886c-47fd-8bb2-6126dcb5f0ae,add_to_cart,3
7ac59731-821d-4b78-8581-6466f7599bbe,a5612187-6268-4a5a-8d31-5b03e1c73e49,add_to_cart,3
5f19c67c-6403-40d5-98e5-a9997848c92f,024afd3f-cecd-434e-a8d4-95814bcac773,add_to_cart,3
fda88726-a110-4436-893e-5c6f1a9d1e8a,793e3062-fda8-4ebe-bec3-82c0e6e479f9,add_to_cart,3
8bb833ea-4f3f-4dbf-a205-ecacb54d1f69,aee7e386-fe84-4b16-8b65-4d844e686ce5,add_to_cart,3
8bb833ea-4f3f-4dbf-a205-ecacb54d1f69,177968e0-43e0-4917-95b2-64f6e26d2e25,add_to_cart,3
e9088ef5-a4f0-47a2-b53e-1020383f2b09,f77d63b0-335c-49fe-b1e1-5bfaeb2815ac,add_to_cart,3
8bb833ea-4f3f-4dbf-a205-ecacb54d1f69,850c5d2c-fd68-4f8e-8c6c-d806e3b4ebb7,add_to_cart,3
fda88726-a110-4436-893e-5c6f1a9d1e8a,76346a15-f86a-4e36-befa-e842a787a089,add_to_cart,3
fda88726-a110-4436-893e-5c6f1a9d1e8a,bb049c61-90d8-409c-ab84-baa8444a4fe0,add_to_cart,3
fda88726-a110-4436-893e-5c6f1a9d1e8a,124b6214-1b3a-4649-9f0d-b9c690a70e66,add_to_cart,3
fda88726-a110-4436-893e-5c6f1a9d1e8a,771df843-38b4-45ac-bbe2-1ea482b77860,add_to_cart,3
ec573c84-1b84-4b78-bc10-937c4ccf6702,7286579f-c9fb-4fbb-be0c-0c6293e95ce9,add_to_cart,3
ec573c84-1b84-4b78-bc10-937c4ccf6702,ad8f9da9-7062-472e-9893-52a4c999a664,add_to_cart,3
7b973387-da99-4387-ad97-dc028b447ab5,abecbec8-7832-40e8-95e3-3bbafd24b73f,add_to_cart,3
7ac59731-821d-4b78-8581-6466f7599bbe,d70d9dbd-eb54-4888-875f-4da384a5a0a5,add_to_cart,3
7ac59731-821d-4b78-8581-6466f7599bbe,aee7e386-fe84-4b16-8b65-4d844e686ce5,add_to_cart,3
31b9001c-75ef-4c85-92df-e8dfed4f6309,7c98427d-2501-4b7e-b69e-5d4496734bc7,add_to_cart,3
ec573c84-1b84-4b78-bc10-937c4ccf6702,b8e78200-4f48-45f6-9d4a-d16540c5add7,add_to_cart,3
7b973387-da99-4387-ad97-dc028b447ab5,32a5dac6-d725-4677-9bcd-abe67387bf33,add_to_cart,3
7b973387-da99-4387-ad97-dc028b447ab5,4f6f26a6-ee7e-410b-92dd-5b0a191abee7,add_to_cart,3
fda88726-a110-4436-893e-5c6f1a9d1e8a,850c5d2c-fd68-4f8e-8c6c-d806e3b4ebb7,add_to_cart,3
fda88726-a110-4436-893e-5c6f1a9d1e8a,703d54fb-7fb5-4a59-9ac1-ee22461c152b,add_to_cart,3
7ac59731-821d-4b78-8581-6466f7599bbe,177968e0-43e0-4917-95b2-64f6e26d2e25,add_to_cart,3
31b9001c-75ef-4c85-92df-e8dfed4f6309,124b6214-1b3a-4649-9f0d-b9c690a70e66,add_to_cart,3
31b9001c-75ef-4c85-92df-e8dfed4f6309,771df843-38b4-45ac-bbe2-1ea482b77860,add_to_cart,3
31b9001c-75ef-4c85-92df-e8dfed4f6309,850c5d2c-fd68-4f8e-8c6c-d806e3b4ebb7,add_to_cart,3
31b9001c-75ef-4c85-92df-e8dfed4f6309,703d54fb-7fb5-4a59-9ac1-ee22461c152b,add_to_cart,3
31b9001c-75ef-4c85-92df-e8dfed4f6309,16dc77da-cb33-4093-832c-b7784f3910fe,add_to_cart,3
7ac59731-821d-4b78-8581-6466f7599bbe,bb049c61-90d8-409c-ab84-baa8444a4fe0,add_to_cart,3
7b973387-da99-4387-ad97-dc028b447ab5,5860deb7-6b4b-4d25-9f3c-b704b3906e34,add_to_cart,3
31b9001c-75ef-4c85-92df-e8dfed4f6309,e20090d4-1b6f-43c5-84ea-379252d5c990,add_to_cart,3
31b9001c-75ef-4c85-92df-e8dfed4f6309,9fed2633-01b1-406e-9031-829b0d1b3cfc,add_to_cart,3
31b9001c-75ef-4c85-92df-e8dfed4f6309,4c6fa416-615f-4807-b968-9bf9cae1b131,add_to_cart,3
31b9001c-75ef-4c85-92df-e8dfed4f6309,aee7e386-fe84-4b16-8b65-4d844e686ce5,add_to_cart,3
fda88726-a110-4436-893e-5c6f1a9d1e8a,aee7e386-fe84-4b16-8b65-4d844e686ce5,add_to_cart,3
7ac59731-821d-4b78-8581-6466f7599bbe,124b6214-1b3a-4649-9f0d-b9c690a70e66,add_to_cart,3
7ac59731-821d-4b78-8581-6466f7599bbe,0704609b-65b9-4ca9-857d-b9f5ed9ef750,add_to_cart,3
ec924320-321f-4ace-845f-6212f138e8fc,0ab7dc44-b6d7-4e06-b2d7-54cd4115ee22,add_to_cart,3
31b9001c-75ef-4c85-92df-e8dfed4f6309,b729d242-4987-4c56-882d-d42f2acd5907,add_to_cart,3
ec924320-321f-4ace-845f-6212f138e8fc,6a8c4009-0e0f-4323-bc3e-7b60ccca13cb,add_to_cart,3
ec924320-321f-4ace-845f-6212f138e8fc,7fcba7ba-7f74-4287-bfab-efab930514fa,add_to_cart,3
ec573c84-1b84-4b78-bc10-937c4ccf6702,e7693ed6-a5b4-4383-8e54-be1c40ac04fa,add_to_cart,3
ec573c84-1b84-4b78-bc10-937c4ccf6702,c84ecb00-47d9-4064-a841-803e63df8f23,add_to_cart,3
ec924320-321f-4ace-845f-6212f138e8fc,cfd0f7a0-8a74-4cce-8f07-f499ad31b3f5,add_to_cart,3
ec924320-321f-4ace-845f-6212f138e8fc,9c679bd2-a436-4dc5-8419-e7869190adf7,add_to_cart,3
2c1ce03f-9c6c-4bad-b5af-9b6970b41503,b11d5edc-9b25-4eab-8f56-aae3476a7082,add_to_cart,3
ec924320-321f-4ace-845f-6212f138e8fc,8f8b3419-d960-40d0-b8a2-e93a3aa6e029,add_to_cart,3
ec573c84-1b84-4b78-bc10-937c4ccf6702,1809e731-c2cb-4155-8036-dd52131e92a2,add_to_cart,3
ec924320-321f-4ace-845f-6212f138e8fc,7286579f-c9fb-4fbb-be0c-0c6293e95ce9,add_to_cart,3
ec573c84-1b84-4b78-bc10-937c4ccf6702,c69cd8ff-0939-4b5e-8861-867ac4ed7298,add_to_cart,3
ec924320-321f-4ace-845f-6212f138e8fc,3347df82-ca57-4d17-98f4-958e8e53d12f,add_to_cart,3
ec573c84-1b84-4b78-bc10-937c4ccf6702,7ece191f-5a12-468b-aa29-dca3b690fd9c,add_to_cart,3
2c1ce03f-9c6c-4bad-b5af-9b6970b41503,f77d63b0-335c-49fe-b1e1-5bfaeb2815ac,add_to_cart,3
7b973387-da99-4387-ad97-dc028b447ab5,b8fe1fc1-e6c0-4c7f-beb9-801851d68a5b,add_to_cart,3
ec924320-321f-4ace-845f-6212f138e8fc,217b798b-e613-45cb-9f8f-046b0bf61dff,add_to_cart,3
2c1ce03f-9c6c-4bad-b5af-9b6970b41503,9b7dc030-0a26-4cb7-8545-f3f1b6e642ea,add_to_cart,3
ec924320-321f-4ace-845f-6212f138e8fc,38de8777-e24e-477f-81df-ee4b63637b8b,add_to_cart,3
ec924320-321f-4ace-845f-6212f138e8fc,41c93acf-43f6-4679-badf-47bbfc1def43,add_to_cart,3
426c7568-9d95-4da2-915c-9c2b77a375e7,0bcba2bf-abd4-4f27-9703-a96c4def237a,add_to_cart,3
426c7568-9d95-4da2-915c-9c2b77a375e7,4858f914-3a37-4bbf-8f26-2de12a62db42,add_to_cart,3
ec924320-321f-4ace-845f-6212f138e8fc,47b6d73a-e73e-4f68-89be-68e1d2ed2709,add_to_cart,3
ec924320-321f-4ace-845f-6212f138e8fc,5e264091-95bf-4a75-bcc2-33960c09d499,add_to_cart,3
ec924320-321f-4ace-845f-6212f138e8fc,6261ab01-4a83-48da-bf60-85331280cde4,add_to_cart,3
ec924320-321f-4ace-845f-6212f138e8fc,7ece191f-5a12-468b-aa29-dca3b690fd9c,add_to_cart,3
ec924320-321f-4ace-845f-6212f138e8fc,a2776811-eed7-4c4a-89af-e03466b9ad33,add_to_cart,3
ec924320-321f-4ace-845f-6212f138e8fc,b11d5edc-9b25-4eab-8f56-aae3476a7082,add_to_cart,3
e9088ef5-a4f0-47a2-b53e-1020383f2b09,ffcb432e-fc34-4881-adad-42e90f2d9fec,add_to_cart,3
ee5f32a6-e299-4710-985b-782f7cb17321,359b6a3c-b2df-4cac-a951-74217b325175,add_to_cart,3
0629010a-0505-4b2b-9c31-3b4704bd1a93,71d94b79-71b6-4e00-b0d2-d8f349ef2929,add_to_cart,3
0629010a-0505-4b2b-9c31-3b4704bd1a93,793e3062-fda8-4ebe-bec3-82c0e6e479f9,add_to_cart,3
9274f7b7-e792-4dfc-9f31-ae3f983a8d7a,6a8c4009-0e0f-4323-bc3e-7b60ccca13cb,add_to_cart,3
9274f7b7-e792-4dfc-9f31-ae3f983a8d7a,887d787f-fd37-4af1-827c-aabed635e47f,add_to_cart,3
9274f7b7-e792-4dfc-9f31-ae3f983a8d7a,ad8f9da9-7062-472e-9893-52a4c999a664,add_to_cart,3
ec924320-321f-4ace-845f-6212f138e8fc,c35ac233-cca3-4666-86b8-afaa54d074ba,add_to_cart,3
ee5f32a6-e299-4710-985b-782f7cb17321,f126a3d5-9bf6-4cc2-80d6-f967979332c1,add_to_cart,3
ec924320-321f-4ace-845f-6212f138e8fc,c69cd8ff-0939-4b5e-8861-867ac4ed7298,add_to_cart,3
ec924320-321f-4ace-845f-6212f138e8fc,f4e7cca5-7bcb-4133-8572-328da7c75fba,add_to_cart,3
ee5f32a6-e299-4710-985b-782f7cb17321,7286579f-c9fb-4fbb-be0c-0c6293e95ce9,add_to_cart,3
ee5f32a6-e299-4710-985b-782f7cb17321,8f8b3419-d960-40d0-b8a2-e93a3aa6e029,add_to_cart,3
ee5f32a6-e299-4710-985b-782f7cb17321,0ab7dc44-b6d7-4e06-b2d7-54cd4115ee22,add_to_cart,3
ee5f32a6-e299-4710-985b-782f7cb17321,4fdbc9d0-775d-47f7-a49b-14472af06506,add_to_cart,3
ee5f32a6-e299-4710-985b-782f7cb17321,92527e2a-ed91-4d1e-bede-46028b75a1a3,add_to_cart,3
ee5f32a6-e299-4710-985b-782f7cb17321,96c522f6-4e25-4cf9-8b97-91383ad761de,add_to_cart,3
6cf9592d-97a3-4a8b-8a1f-d7805e519c67,0704609b-65b9-4ca9-857d-b9f5ed9ef750,add_to_cart,3
6cf9592d-97a3-4a8b-8a1f-d7805e519c67,0d7ec92b-4140-4a1f-afcf-2b842938d50e,add_to_cart,3
6cf9592d-97a3-4a8b-8a1f-d7805e519c67,7286579f-c9fb-4fbb-be0c-0c6293e95ce9,add_to_cart,3
6cf9592d-97a3-4a8b-8a1f-d7805e519c67,ad8f9da9-7062-472e-9893-52a4c999a664,add_to_cart,3
6cf9592d-97a3-4a8b-8a1f-d7805e519c67,d70d9dbd-eb54-4888-875f-4da384a5a0a5,add_to_cart,3
bcde89b9-7107-4447-b31a-09088ae73636,8e991b5f-b25e-44d3-a883-78f4f0384a05,add_to_cart,3
bcde89b9-7107-4447-b31a-09088ae73636,fb3e75a3-4e51-4ff6-b295-408714d4f03d,add_to_cart,3
6cf9592d-97a3-4a8b-8a1f-d7805e519c67,10ba22c6-04ff-459a-b8a4-b0d2e0438956,add_to_cart,3
46973dfb-2b80-474c-9889-5294f94b795d,7148f50f-8161-499d-8447-25a280ca2bbd,add_to_cart,3
46973dfb-2b80-474c-9889-5294f94b795d,b9e205bb-0b77-427d-a59d-008eaee578ca,add_to_cart,3
6cf9592d-97a3-4a8b-8a1f-d7805e519c67,ebb9d192-e38a-4051-a092-e774cdc399f1,add_to_cart,3
6cf9592d-97a3-4a8b-8a1f-d7805e519c67,05ff5762-10eb-48c8-b769-e2395389ab45,add_to_cart,3
6cf9592d-97a3-4a8b-8a1f-d7805e519c67,96704e75-69ab-46f5-b2f5-d934baa205ee,add_to_cart,3
6cf9592d-97a3-4a8b-8a1f-d7805e519c67,177968e0-43e0-4917-95b2-64f6e26d2e25,add_to_cart,3
bcde89b9-7107-4447-b31a-09088ae73636,2fc69a3e-4eaa-4f83-816e-86e208e1080f,add_to_cart,3
bcde89b9-7107-4447-b31a-09088ae73636,301d330c-7c93-4d98-afe6-f495b8f38552,add_to_cart,3
46973dfb-2b80-474c-9889-5294f94b795d,5e382b17-bec6-4816-9b46-985e78971b6d,add_to_cart,3
bcde89b9-7107-4447-b31a-09088ae73636,76346a15-f86a-4e36-befa-e842a787a089,add_to_cart,3
bcde89b9-7107-4447-b31a-09088ae73636,793e3062-fda8-4ebe-bec3-82c0e6e479f9,add_to_cart,3
bcde89b9-7107-4447-b31a-09088ae73636,7e24a671-98a3-45b7-86a7-d8fdfb7005f5,add_to_cart,3
bcde89b9-7107-4447-b31a-09088ae73636,9b7dc030-0a26-4cb7-8545-f3f1b6e642ea,add_to_cart,3
bcde89b9-7107-4447-b31a-09088ae73636,f77d63b0-335c-49fe-b1e1-5bfaeb2815ac,add_to_cart,3
bcde89b9-7107-4447-b31a-09088ae73636,fc3ec894-3b3e-480c-97e6-6f7e92029051,add_to_cart,3
bcde89b9-7107-4447-b31a-09088ae73636,ffcb432e-fc34-4881-adad-42e90f2d9fec,add_to_cart,3
bcde89b9-7107-4447-b31a-09088ae73636,96704e75-69ab-46f5-b2f5-d934baa205ee,add_to_cart,3
73566187-4bcd-4b22-b3d4-ca6fef1a6a10,0704609b-65b9-4ca9-857d-b9f5ed9ef750,add_to_cart,3
46973dfb-2b80-474c-9889-5294f94b795d,d70d9dbd-eb54-4888-875f-4da384a5a0a5,add_to_cart,3
46973dfb-2b80-474c-9889-5294f94b795d,10ba22c6-04ff-459a-b8a4-b0d2e0438956,add_to_cart,3
46973dfb-2b80-474c-9889-5294f94b795d,7c5306b9-9417-4fbc-845f-836af5531ec4,add_to_cart,3
bcde89b9-7107-4447-b31a-09088ae73636,9b7dc030-0a26-4cb7-8545-f3f1b6e642ea,add_to_cart,3
bcde89b9-7107-4447-b31a-09088ae73636,0d7ec92b-4140-4a1f-afcf-2b842938d50e,add_to_cart,3
bcde89b9-7107-4447-b31a-09088ae73636,10ba22c6-04ff-459a-b8a4-b0d2e0438956,add_to_cart,3
bcde89b9-7107-4447-b31a-09088ae73636,d70d9dbd-eb54-4888-875f-4da384a5a0a5,add_to_cart,3
46973dfb-2b80-474c-9889-5294f94b795d,b22da9ef-9a0f-4936-9440-aa4fb45dfb48,add_to_cart,3
46973dfb-2b80-474c-9889-5294f94b795d,b8fe1fc1-e6c0-4c7f-beb9-801851d68a5b,add_to_cart,3
46973dfb-2b80-474c-9889-5294f94b795d,9347c0d3-e71d-420f-b001-7f406363f200,add_to_cart,3
46973dfb-2b80-474c-9889-5294f94b795d,c35ac233-cca3-4666-86b8-afaa54d074ba,add_to_cart,3
46973dfb-2b80-474c-9889-5294f94b795d,a85e7c1e-115f-4f55-a4e5-dd6ce73fd290,add_to_cart,3
46973dfb-2b80-474c-9889-5294f94b795d,5588b666-2f4b-4d9c-99da-7fcf62fcb18a,add_to_cart,3
46973dfb-2b80-474c-9889-5294f94b795d,124b6214-1b3a-4649-9f0d-b9c690a70e66,add_to_cart,3
46973dfb-2b80-474c-9889-5294f94b795d,850c5d2c-fd68-4f8e-8c6c-d806e3b4ebb7,add_to_cart,3
73566187-4bcd-4b22-b3d4-ca6fef1a6a10,ae4b4eee-886c-47fd-8bb2-6126dcb5f0ae,add_to_cart,3
73566187-4bcd-4b22-b3d4-ca6fef1a6a10,d70d9dbd-eb54-4888-875f-4da384a5a0a5,add_to_cart,3
73566187-4bcd-4b22-b3d4-ca6fef1a6a10,b7237f07-c2bf-48d7-a630-3faaac02cfcc,add_to_cart,3
d9deacc1-7a23-4368-b614-0fb3c1a38d1c,96704e75-69ab-46f5-b2f5-d934baa205ee,add_to_cart,3
d9deacc1-7a23-4368-b614-0fb3c1a38d1c,e24af3cd-fc9f-400c-8c76-8aba05a803b5,add_to_cart,3
d9deacc1-7a23-4368-b614-0fb3c1a38d1c,ff2a70c5-3606-4e4a-af5a-cac6a860cab6,add_to_cart,3
d9deacc1-7a23-4368-b614-0fb3c1a38d1c,ffcb432e-fc34-4881-adad-42e90f2d9fec,add_to_cart,3
d9deacc1-7a23-4368-b614-0fb3c1a38d1c,f1aa0ac5-e531-4a37-9da8-c71367b8f203,add_to_cart,3
73566187-4bcd-4b22-b3d4-ca6fef1a6a10,10ba22c6-04ff-459a-b8a4-b0d2e0438956,add_to_cart,3
d9deacc1-7a23-4368-b614-0fb3c1a38d1c,2fc69a3e-4eaa-4f83-816e-86e208e1080f,add_to_cart,3
d9deacc1-7a23-4368-b614-0fb3c1a38d1c,10ba22c6-04ff-459a-b8a4-b0d2e0438956,add_to_cart,3
d9deacc1-7a23-4368-b614-0fb3c1a38d1c,0adf1bbd-9d32-43a9-a6af-e1ba5ddbdf4e,add_to_cart,3
d9deacc1-7a23-4368-b614-0fb3c1a38d1c,7286579f-c9fb-4fbb-be0c-0c6293e95ce9,add_to_cart,3
d9deacc1-7a23-4368-b614-0fb3c1a38d1c,71d94b79-71b6-4e00-b0d2-d8f349ef2929,add_to_cart,3
73566187-4bcd-4b22-b3d4-ca6fef1a6a10,5d0e2a7f-dd77-4c7a-adab-30248b5fb09e,add_to_cart,3
73566187-4bcd-4b22-b3d4-ca6fef1a6a10,5e382b17-bec6-4816-9b46-985e78971b6d,add_to_cart,3
d9deacc1-7a23-4368-b614-0fb3c1a38d1c,b8e78200-4f48-45f6-9d4a-d16540c5add7,add_to_cart,3
73566187-4bcd-4b22-b3d4-ca6fef1a6a10,9b7dc030-0a26-4cb7-8545-f3f1b6e642ea,add_to_cart,3
73566187-4bcd-4b22-b3d4-ca6fef1a6a10,32a5dac6-d725-4677-9bcd-abe67387bf33,add_to_cart,3
73566187-4bcd-4b22-b3d4-ca6fef1a6a10,33a17c81-c183-41d8-87e9-ac8689dd207e,add_to_cart,3
73566187-4bcd-4b22-b3d4-ca6fef1a6a10,3854e48e-b69c-4ab6-ae4b-99f28650b4e1,add_to_cart,3
73566187-4bcd-4b22-b3d4-ca6fef1a6a10,71694d49-0fd5-47f8-ba53-3ba5beb8ebce,add_to_cart,3
73566187-4bcd-4b22-b3d4-ca6fef1a6a10,3c59ef98-feae-442d-85f1-39285e665a17,add_to_cart,3
1c4ce9e6-fce8-4e28-9955-99f5e0d17b42,024afd3f-cecd-434e-a8d4-95814bcac773,add_to_cart,3
1c4ce9e6-fce8-4e28-9955-99f5e0d17b42,0552d60c-8b38-4dd5-95be-c152645c4d5a,add_to_cart,3
1c4ce9e6-fce8-4e28-9955-99f5e0d17b42,0704609b-65b9-4ca9-857d-b9f5ed9ef750,add_to_cart,3
1c4ce9e6-fce8-4e28-9955-99f5e0d17b42,0bcba2bf-abd4-4f27-9703-a96c4def237a,add_to_cart,3
1c4ce9e6-fce8-4e28-9955-99f5e0d17b42,10ba22c6-04ff-459a-b8a4-b0d2e0438956,add_to_cart,3
1c4ce9e6-fce8-4e28-9955-99f5e0d17b42,217b798b-e613-45cb-9f8f-046b0bf61dff,add_to_cart,3
1c4ce9e6-fce8-4e28-9955-99f5e0d17b42,38de8777-e24e-477f-81df-ee4b63637b8b,add_to_cart,3
1c4ce9e6-fce8-4e28-9955-99f5e0d17b42,4858f914-3a37-4bbf-8f26-2de12a62db42,add_to_cart,3
1c4ce9e6-fce8-4e28-9955-99f5e0d17b42,4ebfc054-39da-4b3c-9f11-9d423fa4e482,add_to_cart,3
1c4ce9e6-fce8-4e28-9955-99f5e0d17b42,5d0e2a7f-dd77-4c7a-adab-30248b5fb09e,add_to_cart,3
1c4ce9e6-fce8-4e28-9955-99f5e0d17b42,5e382b17-bec6-4816-9b46-985e78971b6d,add_to_cart,3
1c4ce9e6-fce8-4e28-9955-99f5e0d17b42,6edc5aae-65c3-49be-926a-9140610964bc,add_to_cart,3
1c4ce9e6-fce8-4e28-9955-99f5e0d17b42,76346a15-f86a-4e36-befa-e842a787a089,add_to_cart,3
1c4ce9e6-fce8-4e28-9955-99f5e0d17b42,793e3062-fda8-4ebe-bec3-82c0e6e479f9,add_to_cart,3
1c4ce9e6-fce8-4e28-9955-99f5e0d17b42,9b7dc030-0a26-4cb7-8545-f3f1b6e642ea,add_to_cart,3
1c4ce9e6-fce8-4e28-9955-99f5e0d17b42,6116fdf3-473f-4324-af54-1b950076ef52,add_to_cart,3
1c4ce9e6-fce8-4e28-9955-99f5e0d17b42,d70d9dbd-eb54-4888-875f-4da384a5a0a5,add_to_cart,3
1c4ce9e6-fce8-4e28-9955-99f5e0d17b42,b7237f07-c2bf-48d7-a630-3faaac02cfcc,add_to_cart,3
1c4ce9e6-fce8-4e28-9955-99f5e0d17b42,71694d49-0fd5-47f8-ba53-3ba5beb8ebce,add_to_cart,3
1c4ce9e6-fce8-4e28-9955-99f5e0d17b42,edeb67be-7462-4217-933a-328ca1ce611a,add_to_cart,3
1c4ce9e6-fce8-4e28-9955-99f5e0d17b42,301d330c-7c93-4d98-afe6-f495b8f38552,add_to_cart,3
1c4ce9e6-fce8-4e28-9955-99f5e0d17b42,5dedae03-b9c1-442e-aefe-6170e7a2aa6b,add_to_cart,3
013ee78c-20e1-4ca6-aa1e-d2ae19b84442,e7105aee-0637-4191-adce-c424c573408f,add_to_cart,3
013ee78c-20e1-4ca6-aa1e-d2ae19b84442,1809e731-c2cb-4155-8036-dd52131e92a2,add_to_cart,3
013ee78c-20e1-4ca6-aa1e-d2ae19b84442,217b798b-e613-45cb-9f8f-046b0bf61dff,add_to_cart,3
013ee78c-20e1-4ca6-aa1e-d2ae19b84442,38de8777-e24e-477f-81df-ee4b63637b8b,add_to_cart,3
013ee78c-20e1-4ca6-aa1e-d2ae19b84442,5e382b17-bec6-4816-9b46-985e78971b6d,add_to_cart,3
013ee78c-20e1-4ca6-aa1e-d2ae19b84442,793e3062-fda8-4ebe-bec3-82c0e6e479f9,add_to_cart,3
013ee78c-20e1-4ca6-aa1e-d2ae19b84442,b70952f7-94f5-43b2-9b3d-d3a72b2416cc,add_to_cart,3
013ee78c-20e1-4ca6-aa1e-d2ae19b84442,c119f0ef-da67-49fa-8018-1302a761003e,add_to_cart,3
013ee78c-20e1-4ca6-aa1e-d2ae19b84442,e5a5a0d4-1de7-403f-8464-34ee1ba1416e,add_to_cart,3
013ee78c-20e1-4ca6-aa1e-d2ae19b84442,6116fdf3-473f-4324-af54-1b950076ef52,add_to_cart,3
013ee78c-20e1-4ca6-aa1e-d2ae19b84442,7a0f989f-f75d-4983-be79-7cc80f0021c9,add_to_cart,3
013ee78c-20e1-4ca6-aa1e-d2ae19b84442,8c928aca-de9e-4d19-8915-fe4fb1c63ca7,add_to_cart,3
013ee78c-20e1-4ca6-aa1e-d2ae19b84442,8e991b5f-b25e-44d3-a883-78f4f0384a05,add_to_cart,3
013ee78c-20e1-4ca6-aa1e-d2ae19b84442,8c80487d-9cb4-49df-ab63-9cde11eaf0a8,add_to_cart,3
013ee78c-20e1-4ca6-aa1e-d2ae19b84442,96704e75-69ab-46f5-b2f5-d934baa205ee,add_to_cart,3
013ee78c-20e1-4ca6-aa1e-d2ae19b84442,6116fdf3-473f-4324-af54-1b950076ef52,add_to_cart,3
013ee78c-20e1-4ca6-aa1e-d2ae19b84442,c69cd8ff-0939-4b5e-8861-867ac4ed7298,add_to_cart,3
013ee78c-20e1-4ca6-aa1e-d2ae19b84442,7abda2b1-1aa6-4e94-954f-574a7a9b5c7b,add_to_cart,3
013ee78c-20e1-4ca6-aa1e-d2ae19b84442,edeb67be-7462-4217-933a-328ca1ce611a,add_to_cart,3
013ee78c-20e1-4ca6-aa1e-d2ae19b84442,47b6d73a-e73e-4f68-89be-68e1d2ed2709,add_to_cart,3
013ee78c-20e1-4ca6-aa1e-d2ae19b84442,a3dfb4e4-f510-450f-8618-97cd71b45c6c,add_to_cart,3
013ee78c-20e1-4ca6-aa1e-d2ae19b84442,ee8aadd6-3875-41b4-846a-0ce5bb118452,add_to_cart,3
013ee78c-20e1-4ca6-aa1e-d2ae19b84442,b729d242-4987-4c56-882d-d42f2acd5907,add_to_cart,3
16b94b68-3876-4b2e-a983-57c491b9e3de,7a85c806-b102-4abc-b23a-f32a59d98ffa,review,4
16b94b68-3876-4b2e-a983-57c491b9e3de,7a85c806-b102-4abc-b23a-f32a59d98ffa,review,5
16b94b68-3876-4b2e-a983-57c491b9e3de,7a85c806-b102-4abc-b23a-f32a59d98ffa,review,5
16b94b68-3876-4b2e-a983-57c491b9e3de,5ea79a76-0354-41ff-8d5c-2b3b25c4e8ca,review,4
16b94b68-3876-4b2e-a983-57c491b9e3de,bfa825ec-c0dc-4cb7-8e71-e56351a93406,review,4
16b94b68-3876-4b2e-a983-57c491b9e3de,bfa825ec-c0dc-4cb7-8e71-e56351a93406,review,4
16b94b68-3876-4b2e-a983-57c491b9e3de,bfa825ec-c0dc-4cb7-8e71-e56351a93406,review,1
16b94b68-3876-4b2e-a983-57c491b9e3de,92430556-f657-482e-b4f3-f1efe31fc1f1,review,1
16b94b68-3876-4b2e-a983-57c491b9e3de,92430556-f657-482e-b4f3-f1efe31fc1f1,review,3
16b94b68-3876-4b2e-a983-57c491b9e3de,92430556-f657-482e-b4f3-f1efe31fc1f1,review,4
16b94b68-3876-4b2e-a983-57c491b9e3de,96c522f6-4e25-4cf9-8b97-91383ad761de,review,4
16b94b68-3876-4b2e-a983-57c491b9e3de,edeb67be-7462-4217-933a-328ca1ce611a,review,5
16b94b68-3876-4b2e-a983-57c491b9e3de,cbf585bb-6a0e-4eb7-9c3b-e0b373028fcc,review,5
16b94b68-3876-4b2e-a983-57c491b9e3de,edeb67be-7462-4217-933a-328ca1ce611a,review,5
16b94b68-3876-4b2e-a983-57c491b9e3de,bfa825ec-c0dc-4cb7-8e71-e56351a93406,review,5
16b94b68-3876-4b2e-a983-57c491b9e3de,bfa825ec-c0dc-4cb7-8e71-e56351a93406,review,4
16b94b68-3876-4b2e-a983-57c491b9e3de,af4d5974-9ce9-4d6d-bc4e-f2f4bcd4b0ce,review,5
85429147-f4d9-423b-9575-b515a4628bb1,3c59ef98-feae-442d-85f1-39285e665a17,review,5
9274f7b7-e792-4dfc-9f31-ae3f983a8d7a,af4d5974-9ce9-4d6d-bc4e-f2f4bcd4b0ce,review,5
16b94b68-3876-4b2e-a983-57c491b9e3de,3602d3ba-de59-468b-8ef9-a506720d2a2c,review,5
096e2881-64b1-4d31-ab7a-d228ee1b356f,f0bb7ae4-e6ef-4d01-95ae-4227920d52b3,review,5
15c1a68f-154c-43bb-ba87-21b4f50ef3f6,9713b024-ec7a-4d46-a57a-29842c4df02e,review,4
15c1a68f-154c-43bb-ba87-21b4f50ef3f6,db3696a1-0136-4c07-a4cb-a206e724cfe6,review,5
15c1a68f-154c-43bb-ba87-21b4f50ef3f6,6116fdf3-473f-4324-af54-1b950076ef52,review,5
8bb833ea-4f3f-4dbf-a205-ecacb54d1f69,b7237f07-c2bf-48d7-a630-3faaac02cfcc,review,5
2c1ce03f-9c6c-4bad-b5af-9b6970b41503,ffcb432e-fc34-4881-adad-42e90f2d9fec,review,5
2c1ce03f-9c6c-4bad-b5af-9b6970b41503,7c5306b9-9417-4fbc-845f-836af5531ec4,review,4
31b9001c-75ef-4c85-92df-e8dfed4f6309,71694d49-0fd5-47f8-ba53-3ba5beb8ebce,review,5
a448f061-7b04-4d2f-90a8-5f9f6747d719,96704e75-69ab-46f5-b2f5-d934baa205ee,review,4
482d17f2-55f2-44dd-a97d-7924b2dd9859,fc3ec894-3b3e-480c-97e6-6f7e92029051,review,5
8f58f0c0-ae6c-4db8-b7a5-01263659b22f,5dedae03-b9c1-442e-aefe-6170e7a2aa6b,review,1
8f58f0c0-ae6c-4db8-b7a5-01263659b22f,6116fdf3-473f-4324-af54-1b950076ef52,review,5
8f58f0c0-ae6c-4db8-b7a5-01263659b22f,b7237f07-c2bf-48d7-a630-3faaac02cfcc,review,5
3d520dee-6f76-4948-ac58-855ca44494e4,b1955c4b-f011-4fd3-b92e-a38a92955a50,review,5
3d520dee-6f76-4948-ac58-855ca44494e4,8c928aca-de9e-4d19-8915-fe4fb1c63ca7,review,5
49b80737-8f0a-463b-9a8b-c0f820ed5973,373419b8-b75b-4421-b6e5-6baf13a60918,review,3
0629010a-0505-4b2b-9c31-3b4704bd1a93,95827b65-ec7b-405b-bd26-6558d04211cf,review,5
426c7568-9d95-4da2-915c-9c2b77a375e7,b7237f07-c2bf-48d7-a630-3faaac02cfcc,review,5
426c7568-9d95-4da2-915c-9c2b77a375e7,ffcb432e-fc34-4881-adad-42e90f2d9fec,review,4
426c7568-9d95-4da2-915c-9c2b77a375e7,de77e80f-9035-4149-b2c0-be762d2012bf,review,5
426c7568-9d95-4da2-915c-9c2b77a375e7,7322fc17-a36f-4391-8eb5-0a263c060d85,review,5
ec924320-321f-4ace-845f-6212f138e8fc,10ba22c6-04ff-459a-b8a4-b0d2e0438956,review,5
ec924320-321f-4ace-845f-6212f138e8fc,3c59ef98-feae-442d-85f1-39285e665a17,review,4
678c31c4-66f7-4060-b52c-44cd42084114,ffcb432e-fc34-4881-adad-42e90f2d9fec,review,5
0d22b583-2791-4166-aef4-d0573f42572a,6116fdf3-473f-4324-af54-1b950076ef52,review,5
0d22b583-2791-4166-aef4-d0573f42572a,373419b8-b75b-4421-b6e5-6baf13a60918,review,5
e9088ef5-a4f0-47a2-b53e-1020383f2b09,33a17c81-c183-41d8-87e9-ac8689dd207e,review,4
2db7e521-62bf-4f58-b3d0-8fefd1d2e407,a85e7c1e-115f-4f55-a4e5-dd6ce73fd290,review,5
2db7e521-62bf-4f58-b3d0-8fefd1d2e407,9bef9087-6d9c-4bd7-8248-b96202905dcd,review,5
2db7e521-62bf-4f58-b3d0-8fefd1d2e407,ae4b4eee-886c-47fd-8bb2-6126dcb5f0ae,review,4
b229af87-f17e-4fac-8f6f-bc0ea775cd79,8c928aca-de9e-4d19-8915-fe4fb1c63ca7,review,5
16b94b68-3876-4b2e-a983-57c491b9e3de,c38eadaf-8424-4f27-bb49-3f838ca26f28,review,5
49b80737-8f0a-463b-9a8b-c0f820ed5973,ffcb432e-fc34-4881-adad-42e90f2d9fec,review,5
49b80737-8f0a-463b-9a8b-c0f820ed5973,71694d49-0fd5-47f8-ba53-3ba5beb8ebce,review,4
49b80737-8f0a-463b-9a8b-c0f820ed5973,d70d9dbd-eb54-4888-875f-4da384a5a0a5,review,5
16b94b68-3876-4b2e-a983-57c491b9e3de,6116fdf3-473f-4324-af54-1b950076ef52,review,5
15c1a68f-154c-43bb-ba87-21b4f50ef3f6,b7237f07-c2bf-48d7-a630-3faaac02cfcc,review,4
2c1ce03f-9c6c-4bad-b5af-9b6970b41503,7148f50f-8161-499d-8447-25a280ca2bbd,review,5
34a3554b-d552-4a82-bc40-afecebdf904e,d70d9dbd-eb54-4888-875f-4da384a5a0a5,review,2
49cda69a-26d0-4d3e-a7cf-49ed918db804,cbf585bb-6a0e-4eb7-9c3b-e0b373028fcc,review,5
16b94b68-3876-4b2e-a983-57c491b9e3de,056688ae-3eb3-4962-bd60-f743d110ca66,review,5
8bb833ea-4f3f-4dbf-a205-ecacb54d1f69,217b798b-e613-45cb-9f8f-046b0bf61dff,review,4
4ce64499-e5fb-483e-b5d4-1ee83dacd87b,ebb9d192-e38a-4051-a092-e774cdc399f1,review,5
4ce64499-e5fb-483e-b5d4-1ee83dacd87b,0aefea5a-03b3-44e5-9a69-03b727d22dfa,review,1
31b9001c-75ef-4c85-92df-e8dfed4f6309,9fed2633-01b1-406e-9031-829b0d1b3cfc,review,5
31b9001c-75ef-4c85-92df-e8dfed4f6309,9b1acb85-0ccd-4afc-8a4c-19a59f810567,review,4
2c1ce03f-9c6c-4bad-b5af-9b6970b41503,9347c0d3-e71d-420f-b001-7f406363f200,review,5
4ce64499-e5fb-483e-b5d4-1ee83dacd87b,05ff5762-10eb-48c8-b769-e2395389ab45,review,5
e28ce424-6cc8-4371-ba90-28dba9a65f34,7148f50f-8161-499d-8447-25a280ca2bbd,review,5
e28ce424-6cc8-4371-ba90-28dba9a65f34,8c928aca-de9e-4d19-8915-fe4fb1c63ca7,review,3
e28ce424-6cc8-4371-ba90-28dba9a65f34,ebb9d192-e38a-4051-a092-e774cdc399f1,review,5
49cda69a-26d0-4d3e-a7cf-49ed918db804,e7105aee-0637-4191-adce-c424c573408f,review,5
49cda69a-26d0-4d3e-a7cf-49ed918db804,71694d49-0fd5-47f8-ba53-3ba5beb8ebce,review,1
096e2881-64b1-4d31-ab7a-d228ee1b356f,7322fc17-a36f-4391-8eb5-0a263c060d85,review,5
096e2881-64b1-4d31-ab7a-d228ee1b356f,7a0f989f-f75d-4983-be79-7cc80f0021c9,review,2
096e2881-64b1-4d31-ab7a-d228ee1b356f,9707b860-f329-419d-acb2-9113a142b7f2,review,5
e28ce424-6cc8-4371-ba90-28dba9a65f34,92527e2a-ed91-4d1e-bede-46028b75a1a3,review,3
e28ce424-6cc8-4371-ba90-28dba9a65f34,595ecbc3-673a-4d2a-b389-1ab9820a0b33,review,5
e28ce424-6cc8-4371-ba90-28dba9a65f34,33a17c81-c183-41d8-87e9-ac8689dd207e,review,5
e28ce424-6cc8-4371-ba90-28dba9a65f34,95827b65-ec7b-405b-bd26-6558d04211cf,review,5
096e2881-64b1-4d31-ab7a-d228ee1b356f,6e7747f9-a868-4d35-93b6-8cc275f70ee2,review,5
ba95d332-7fc5-4272-9659-0e61f218d0b7,2d02e101-5ee9-41ec-b347-a971001b5977,review,5
ba95d332-7fc5-4272-9659-0e61f218d0b7,19006f8c-ae90-4e6a-b058-d47dadeb8bf3,review,5
ba95d332-7fc5-4272-9659-0e61f218d0b7,ad8f9da9-7062-472e-9893-52a4c999a664,review,4
f52e9e4e-33d1-4f86-819b-d9e52ff8cc77,2d02e101-5ee9-41ec-b347-a971001b5977,review,5
8f58f0c0-ae6c-4db8-b7a5-01263659b22f,0d7ec92b-4140-4a1f-afcf-2b842938d50e,review,5
8f58f0c0-ae6c-4db8-b7a5-01263659b22f,1809e731-c2cb-4155-8036-dd52131e92a2,review,5
b229af87-f17e-4fac-8f6f-bc0ea775cd79,ec2fa345-6c98-4539-818b-019518468e46,review,5
b229af87-f17e-4fac-8f6f-bc0ea775cd79,ec2fa345-6c98-4539-818b-019518468e46,review,4
b229af87-f17e-4fac-8f6f-bc0ea775cd79,a85e7c1e-115f-4f55-a4e5-dd6ce73fd290,review,5
a98adab9-72f4-4a3d-a7f5-5f330d5bab3c,e507ce8a-6599-4816-98c9-54b2bcbe50cf,review,5
c64d5529-9907-4c51-9c67-6c15148cd4c1,b7237f07-c2bf-48d7-a630-3faaac02cfcc,review,5
c64d5529-9907-4c51-9c67-6c15148cd4c1,9347c0d3-e71d-420f-b001-7f406363f200,review,2
c64d5529-9907-4c51-9c67-6c15148cd4c1,ec2fa345-6c98-4539-818b-019518468e46,review,4
3d520dee-6f76-4948-ac58-855ca44494e4,55937f90-5b80-48f0-aa99-29562a04e141,review,5
0d22b583-2791-4166-aef4-d0573f42572a,05ff5762-10eb-48c8-b769-e2395389ab45,review,1
0d22b583-2791-4166-aef4-d0573f42572a,ffcb432e-fc34-4881-adad-42e90f2d9fec,review,4
678c31c4-66f7-4060-b52c-44cd42084114,05ff5762-10eb-48c8-b769-e2395389ab45,review,3
8bb833ea-4f3f-4dbf-a205-ecacb54d1f69,71d94b79-71b6-4e00-b0d2-d8f349ef2929,review,5
8bb833ea-4f3f-4dbf-a205-ecacb54d1f69,ae4b4eee-886c-47fd-8bb2-6126dcb5f0ae,review,5
31b9001c-75ef-4c85-92df-e8dfed4f6309,359b6a3c-b2df-4cac-a951-74217b325175,review,5
31b9001c-75ef-4c85-92df-e8dfed4f6309,6116fdf3-473f-4324-af54-1b950076ef52,review,5
31b9001c-75ef-4c85-92df-e8dfed4f6309,95827b65-ec7b-405b-bd26-6558d04211cf,review,5
31b9001c-75ef-4c85-92df-e8dfed4f6309,ffcb432e-fc34-4881-adad-42e90f2d9fec,review,5
a448f061-7b04-4d2f-90a8-5f9f6747d719,a57208a8-13d1-41ef-a742-35fa27a7135f,review,5
a448f061-7b04-4d2f-90a8-5f9f6747d719,98d3b13b-a4ff-43d3-bba5-9d8b0612a5ca,review,5
9274f7b7-e792-4dfc-9f31-ae3f983a8d7a,6e7747f9-a868-4d35-93b6-8cc275f70ee2,review,5
9274f7b7-e792-4dfc-9f31-ae3f983a8d7a,f2512fe1-a757-4e80-aecb-b04f62b4fd46,review,5
9274f7b7-e792-4dfc-9f31-ae3f983a8d7a,aaa373ef-1cfe-4e6a-9c87-eeba7eaec713,review,4
15c1a68f-154c-43bb-ba87-21b4f50ef3f6,38de8777-e24e-477f-81df-ee4b63637b8b,review,3
15c1a68f-154c-43bb-ba87-21b4f50ef3f6,5588b666-2f4b-4d9c-99da-7fcf62fcb18a,review,5
15c1a68f-154c-43bb-ba87-21b4f50ef3f6,71694d49-0fd5-47f8-ba53-3ba5beb8ebce,review,5
15c1a68f-154c-43bb-ba87-21b4f50ef3f6,e130af80-bc18-4858-be7a-a4f72194da8e,review,5
15c1a68f-154c-43bb-ba87-21b4f50ef3f6,8c928aca-de9e-4d19-8915-fe4fb1c63ca7,review,3
e24876b4-883c-4c03-92db-392b751c5036,b8fe1fc1-e6c0-4c7f-beb9-801851d68a5b,review,4
e24876b4-883c-4c03-92db-392b751c5036,8c928aca-de9e-4d19-8915-fe4fb1c63ca7,review,5
e24876b4-883c-4c03-92db-392b751c5036,217b798b-e613-45cb-9f8f-046b0bf61dff,review,5
e24876b4-883c-4c03-92db-392b751c5036,05ff5762-10eb-48c8-b769-e2395389ab45,review,5
e24876b4-883c-4c03-92db-392b751c5036,e130af80-bc18-4858-be7a-a4f72194da8e,review,5
e24876b4-883c-4c03-92db-392b751c5036,55937f90-5b80-48f0-aa99-29562a04e141,review,5
e24876b4-883c-4c03-92db-392b751c5036,32a5dac6-d725-4677-9bcd-abe67387bf33,review,5
e24876b4-883c-4c03-92db-392b751c5036,6e7747f9-a868-4d35-93b6-8cc275f70ee2,review,5
6f7c368c-0c1a-42a5-84e8-7fd8505cd344,28fe39cb-f025-41ed-aeb1-458efb9e07c2,review,4
6f7c368c-0c1a-42a5-84e8-7fd8505cd344,7322fc17-a36f-4391-8eb5-0a263c060d85,review,5
6f7c368c-0c1a-42a5-84e8-7fd8505cd344,9661f0b9-a8b6-49fa-ab6d-304679b76cf1,review,4
6f7c368c-0c1a-42a5-84e8-7fd8505cd344,ae4b4eee-886c-47fd-8bb2-6126dcb5f0ae,review,5
6f7c368c-0c1a-42a5-84e8-7fd8505cd344,0aefea5a-03b3-44e5-9a69-03b727d22dfa,review,3
6f7c368c-0c1a-42a5-84e8-7fd8505cd344,19006f8c-ae90-4e6a-b058-d47dadeb8bf3,review,5
6f7c368c-0c1a-42a5-84e8-7fd8505cd344,19006f8c-ae90-4e6a-b058-d47dadeb8bf3,review,3
74fd76af-31b9-4741-bd1c-d5be331ee077,ec2fa345-6c98-4539-818b-019518468e46,review,5
74fd76af-31b9-4741-bd1c-d5be331ee077,e639b464-6d0a-4a96-a45b-d5ce23ccd3d8,review,5
74fd76af-31b9-4741-bd1c-d5be331ee077,f5943e14-3c6e-46fb-a01d-fab1712c0421,review,5
74fd76af-31b9-4741-bd1c-d5be331ee077,f4e7cca5-7bcb-4133-8572-328da7c75fba,review,4
5f19c67c-6403-40d5-98e5-a9997848c92f,20955018-a13b-4e52-afd0-ede45b7a417f,review,5
5f19c67c-6403-40d5-98e5-a9997848c92f,95827b65-ec7b-405b-bd26-6558d04211cf,review,4
5f19c67c-6403-40d5-98e5-a9997848c92f,10ba22c6-04ff-459a-b8a4-b0d2e0438956,review,5
5f19c67c-6403-40d5-98e5-a9997848c92f,5895c541-37c9-462e-9ff8-a89dd40d7bad,review,5
b6d9c6af-51d5-4375-a75b-b6d84eedd1dd,ffcb432e-fc34-4881-adad-42e90f2d9fec,review,5
b6d9c6af-51d5-4375-a75b-b6d84eedd1dd,6116fdf3-473f-4324-af54-1b950076ef52,review,4
b6d9c6af-51d5-4375-a75b-b6d84eedd1dd,0d7ec92b-4140-4a1f-afcf-2b842938d50e,review,4
ec573c84-1b84-4b78-bc10-937c4ccf6702,c1113961-7957-41bf-9b34-7339c6fcf3b4,review,5
ec573c84-1b84-4b78-bc10-937c4ccf6702,4f6f26a6-ee7e-410b-92dd-5b0a191abee7,review,4
ec573c84-1b84-4b78-bc10-937c4ccf6702,9b1acb85-0ccd-4afc-8a4c-19a59f810567,review,5
ec573c84-1b84-4b78-bc10-937c4ccf6702,a57208a8-13d1-41ef-a742-35fa27a7135f,review,5
ec573c84-1b84-4b78-bc10-937c4ccf6702,1809e731-c2cb-4155-8036-dd52131e92a2,review,5
ec573c84-1b84-4b78-bc10-937c4ccf6702,5588b666-2f4b-4d9c-99da-7fcf62fcb18a,review,4
ec573c84-1b84-4b78-bc10-937c4ccf6702,7148f50f-8161-499d-8447-25a280ca2bbd,review,5
ec573c84-1b84-4b78-bc10-937c4ccf6702,c69cd8ff-0939-4b5e-8861-867ac4ed7298,review,5
e9088ef5-a4f0-47a2-b53e-1020383f2b09,a5612187-6268-4a5a-8d31-5b03e1c73e49,review,5
e9088ef5-a4f0-47a2-b53e-1020383f2b09,2e48b0ca-29be-4331-a7f6-ec7713488af2,review,4
e9088ef5-a4f0-47a2-b53e-1020383f2b09,0abe0b3f-db26-4ade-b67b-b33ac969d524,review,5
e9088ef5-a4f0-47a2-b53e-1020383f2b09,ffcb432e-fc34-4881-adad-42e90f2d9fec,review,5
e9088ef5-a4f0-47a2-b53e-1020383f2b09,38de8777-e24e-477f-81df-ee4b63637b8b,review,5
e9088ef5-a4f0-47a2-b53e-1020383f2b09,485a8f26-f2fe-4e74-9c0f-7f16bf65a9e8,review,5
e9088ef5-a4f0-47a2-b53e-1020383f2b09,f77d63b0-335c-49fe-b1e1-5bfaeb2815ac,review,5
e9088ef5-a4f0-47a2-b53e-1020383f2b09,d498e65c-5e5f-4cb9-8dc8-f2077663c60f,review,5
7b973387-da99-4387-ad97-dc028b447ab5,ec2fa345-6c98-4539-818b-019518468e46,review,5
7b973387-da99-4387-ad97-dc028b447ab5,8c928aca-de9e-4d19-8915-fe4fb1c63ca7,review,4
7b973387-da99-4387-ad97-dc028b447ab5,9347c0d3-e71d-420f-b001-7f406363f200,review,5
426c7568-9d95-4da2-915c-9c2b77a375e7,5f267152-e153-4d48-abff-346267a5c9cc,review,5
426c7568-9d95-4da2-915c-9c2b77a375e7,95827b65-ec7b-405b-bd26-6558d04211cf,review,5
426c7568-9d95-4da2-915c-9c2b77a375e7,2d02e101-5ee9-41ec-b347-a971001b5977,review,4
426c7568-9d95-4da2-915c-9c2b77a375e7,71694d49-0fd5-47f8-ba53-3ba5beb8ebce,review,4
426c7568-9d95-4da2-915c-9c2b77a375e7,373419b8-b75b-4421-b6e5-6baf13a60918,review,5
ee5f32a6-e299-4710-985b-782f7cb17321,05ff5762-10eb-48c8-b769-e2395389ab45,review,5
ee5f32a6-e299-4710-985b-782f7cb17321,8e991b5f-b25e-44d3-a883-78f4f0384a05,review,5
ee5f32a6-e299-4710-985b-782f7cb17321,f126a3d5-9bf6-4cc2-80d6-f967979332c1,review,5
ee5f32a6-e299-4710-985b-782f7cb17321,1809e731-c2cb-4155-8036-dd52131e92a2,review,5
ee5f32a6-e299-4710-985b-782f7cb17321,cfd0f7a0-8a74-4cce-8f07-f499ad31b3f5,review,5
ee5f32a6-e299-4710-985b-782f7cb17321,92527e2a-ed91-4d1e-bede-46028b75a1a3,review,5
bcde89b9-7107-4447-b31a-09088ae73636,fc3ec894-3b3e-480c-97e6-6f7e92029051,review,5
bcde89b9-7107-4447-b31a-09088ae73636,9b7dc030-0a26-4cb7-8545-f3f1b6e642ea,review,5
bcde89b9-7107-4447-b31a-09088ae73636,92cb63c7-2400-4c26-8b7e-40aa0228ef74,review,5
7ac59731-821d-4b78-8581-6466f7599bbe,8c928aca-de9e-4d19-8915-fe4fb1c63ca7,review,5
7ac59731-821d-4b78-8581-6466f7599bbe,75e094a1-bd7c-4dd9-a8c9-e4e28ac625bb,review,4
7ac59731-821d-4b78-8581-6466f7599bbe,9661f0b9-a8b6-49fa-ab6d-304679b76cf1,review,5
7ac59731-821d-4b78-8581-6466f7599bbe,0aefea5a-03b3-44e5-9a69-03b727d22dfa,review,5
7ac59731-821d-4b78-8581-6466f7599bbe,19006f8c-ae90-4e6a-b058-d47dadeb8bf3,review,5
7ac59731-821d-4b78-8581-6466f7599bbe,5e382b17-bec6-4816-9b46-985e78971b6d,review,5
7ac59731-821d-4b78-8581-6466f7599bbe,ffcb432e-fc34-4881-adad-42e90f2d9fec,review,5
6cf9592d-97a3-4a8b-8a1f-d7805e519c67,6e7747f9-a868-4d35-93b6-8cc275f70ee2,review,4
6cf9592d-97a3-4a8b-8a1f-d7805e519c67,ebb9d192-e38a-4051-a092-e774cdc399f1,review,5
6cf9592d-97a3-4a8b-8a1f-d7805e519c67,96704e75-69ab-46f5-b2f5-d934baa205ee,review,5
6cf9592d-97a3-4a8b-8a1f-d7805e519c67,177968e0-43e0-4917-95b2-64f6e26d2e25,review,5
482d17f2-55f2-44dd-a97d-7924b2dd9859,5f267152-e153-4d48-abff-346267a5c9cc,review,5
482d17f2-55f2-44dd-a97d-7924b2dd9859,9b1acb85-0ccd-4afc-8a4c-19a59f810567,review,5
482d17f2-55f2-44dd-a97d-7924b2dd9859,3854e48e-b69c-4ab6-ae4b-99f28650b4e1,review,5
482d17f2-55f2-44dd-a97d-7924b2dd9859,8c80487d-9cb4-49df-ab63-9cde11eaf0a8,review,5
482d17f2-55f2-44dd-a97d-7924b2dd9859,1809e731-c2cb-4155-8036-dd52131e92a2,review,4
fda88726-a110-4436-893e-5c6f1a9d1e8a,ffcb432e-fc34-4881-adad-42e90f2d9fec,review,5
fda88726-a110-4436-893e-5c6f1a9d1e8a,124b6214-1b3a-4649-9f0d-b9c690a70e66,review,5
fda88726-a110-4436-893e-5c6f1a9d1e8a,aee7e386-fe84-4b16-8b65-4d844e686ce5,review,4
46973dfb-2b80-474c-9889-5294f94b795d,71694d49-0fd5-47f8-ba53-3ba5beb8ebce,review,5
46973dfb-2b80-474c-9889-5294f94b795d,7322fc17-a36f-4391-8eb5-0a263c060d85,review,5
73566187-4bcd-4b22-b3d4-ca6fef1a6a10,3c59ef98-feae-442d-85f1-39285e665a17,review,5
73566187-4bcd-4b22-b3d4-ca6fef1a6a10,6116fdf3-473f-4324-af54-1b950076ef52,review,5
013ee78c-20e1-4ca6-aa1e-d2ae19b84442,b1955c4b-f011-4fd3-b92e-a38a92955a50,review,5
013ee78c-20e1-4ca6-aa1e-d2ae19b84442,6116fdf3-473f-4324-af54-1b950076ef52,review,5
013ee78c-20e1-4ca6-aa1e-d2ae19b84442,e5a5a0d4-1de7-403f-8464-34ee1ba1416e,review,5
013ee78c-20e1-4ca6-aa1e-d2ae19b84442,024afd3f-cecd-434e-a8d4-95814bcac773,review,5
013ee78c-20e1-4ca6-aa1e-d2ae19b84442,8c928aca-de9e-4d19-8915-fe4fb1c63ca7,review,5
013ee78c-20e1-4ca6-aa1e-d2ae19b84442,a57208a8-13d1-41ef-a742-35fa27a7135f,review,5
013ee78c-20e1-4ca6-aa1e-d2ae19b84442,b729d242-4987-4c56-882d-d42f2acd5907,review,5
013ee78c-20e1-4ca6-aa1e-d2ae19b84442,3c59ef98-feae-442d-85f1-39285e665a17,review,5
